row 00001
row 00002
row 00003
row 00004
row 00005
row 00006
row 00007
row 00008
row 00009
row 00010
row 00011
row 00012
row 00013
row 00014
row 00015
row 00016
row 00017
row 00018
row 00019
row 00020
row 00021
row 00022
row 00023
row 00024
row 00025
row 00026
row 00027
row 00028
row 00029
row 00030
row 00031
row 00032
row 00033
row 00034
row 00035
row 00036
row 00037
row 00038
row 00039
row 00040
row 00041
row 00042
row 00043
row 00044
row 00045
row 00046
row 00047
row 00048
row 00049
row 00050
row 00051
row 00052
row 00053
row 00054
row 00055
row 00056
row 00057
row 00058
row 00059
row 00060
row 00061
row 00062
row 00063
row 00064
row 00065
row 00066
row 00067
row 00068
row 00069
row 00070
row 00071
row 00072
row 00073
row 00074
row 00075
row 00076
row 00077
row 00078
row 00079
row 00080
row 00081
row 00082
row 00083
row 00084
row 00085
row 00086
row 00087
row 00088
row 00089
row 00090
row 00091
row 00092
row 00093
row 00094
row 00095
row 00096
row 00097
row 00098
row 00099
row 00100
row 00101
row 00102
row 00103
row 00104
row 00105
row 00106
row 00107
row 00108
row 00109
row 00110
row 00111
row 00112
row 00113
row 00114
row 00115
row 00116
row 00117
row 00118
row 00119
row 00120
row 00121
row 00122
row 00123
row 00124
row 00125
row 00126
row 00127
row 00128
row 00129
row 00130
row 00131
row 00132
row 00133
row 00134
row 00135
row 00136
row 00137
row 00138
row 00139
row 00140
row 00141
row 00142
row 00143
row 00144
row 00145
row 00146
row 00147
row 00148
row 00149
row 00150
row 00151
row 00152
row 00153
row 00154
row 00155
row 00156
row 00157
row 00158
row 00159
row 00160
row 00161
row 00162
row 00163
row 00164
row 00165
row 00166
row 00167
row 00168
row 00169
row 00170
row 00171
row 00172
row 00173
row 00174
row 00175
row 00176
row 00177
row 00178
row 00179
row 00180
row 00181
row 00182
row 00183
row 00184
row 00185
row 00186
row 00187
row 00188
row 00189
row 00190
row 00191
row 00192
row 00193
row 00194
row 00195
row 00196
row 00197
row 00198
row 00199
row 00200
row 00201
row 00202
row 00203
row 00204
row 00205
row 00206
row 00207
row 00208
row 00209
row 00210
row 00211
row 00212
row 00213
row 00214
row 00215
row 00216
row 00217
row 00218
row 00219
row 00220
row 00221
row 00222
row 00223
row 00224
row 00225
row 00226
row 00227
row 00228
row 00229
row 00230
row 00231
row 00232
row 00233
row 00234
row 00235
row 00236
row 00237
row 00238
row 00239
row 00240
row 00241
row 00242
row 00243
row 00244
row 00245
row 00246
row 00247
row 00248
row 00249
row 00250
row 00251
row 00252
row 00253
row 00254
row 00255
row 00256
row 00257
row 00258
row 00259
row 00260
row 00261
row 00262
row 00263
row 00264
row 00265
row 00266
row 00267
row 00268
row 00269
row 00270
row 00271
row 00272
row 00273
row 00274
row 00275
row 00276
row 00277
row 00278
row 00279
row 00280
row 00281
row 00282
row 00283
row 00284
row 00285
row 00286
row 00287
row 00288
row 00289
row 00290
row 00291
row 00292
row 00293
row 00294
row 00295
row 00296
row 00297
row 00298
row 00299
row 00300
row 00301
row 00302
row 00303
row 00304
row 00305
row 00306
row 00307
row 00308
row 00309
row 00310
row 00311
row 00312
row 00313
row 00314
row 00315
row 00316
row 00317
row 00318
row 00319
row 00320
row 00321
row 00322
row 00323
row 00324
row 00325
row 00326
row 00327
row 00328
row 00329
row 00330
row 00331
row 00332
row 00333
row 00334
row 00335
row 00336
row 00337
row 00338
row 00339
row 00340
row 00341
row 00342
row 00343
row 00344
row 00345
row 00346
row 00347
row 00348
row 00349
row 00350
row 00351
row 00352
row 00353
row 00354
row 00355
row 00356
row 00357
row 00358
row 00359
row 00360
row 00361
row 00362
row 00363
row 00364
row 00365
row 00366
row 00367
row 00368
row 00369
row 00370
row 00371
row 00372
row 00373
row 00374
row 00375
row 00376
row 00377
row 00378
row 00379
row 00380
row 00381
row 00382
row 00383
row 00384
row 00385
row 00386
row 00387
row 00388
row 00389
row 00390
row 00391
row 00392
row 00393
row 00394
row 00395
row 00396
row 00397
row 00398
row 00399
row 00400
row 00401
row 00402
row 00403
row 00404
row 00405
row 00406
row 00407
row 00408
row 00409
row 00410
row 00411
row 00412
row 00413
row 00414
row 00415
row 00416
row 00417
row 00418
row 00419
row 00420
row 00421
row 00422
row 00423
row 00424
row 00425
row 00426
row 00427
row 00428
row 00429
row 00430
row 00431
row 00432
row 00433
row 00434
row 00435
row 00436
row 00437
row 00438
row 00439
row 00440
row 00441
row 00442
row 00443
row 00444
row 00445
row 00446
row 00447
row 00448
row 00449
row 00450
row 00451
row 00452
row 00453
row 00454
row 00455
row 00456
row 00457
row 00458
row 00459
row 00460
row 00461
row 00462
row 00463
row 00464
row 00465
row 00466
row 00467
row 00468
row 00469
row 00470
row 00471
row 00472
row 00473
row 00474
row 00475
row 00476
row 00477
row 00478
row 00479
row 00480
row 00481
row 00482
row 00483
row 00484
row 00485
row 00486
row 00487
row 00488
row 00489
row 00490
row 00491
row 00492
row 00493
row 00494
row 00495
row 00496
row 00497
row 00498
row 00499
row 00500
row 00501
row 00502
row 00503
row 00504
row 00505
row 00506
row 00507
row 00508
row 00509
row 00510
row 00511
row 00512
row 00513
row 00514
row 00515
row 00516
row 00517
row 00518
row 00519
row 00520
row 00521
row 00522
row 00523
row 00524
row 00525
row 00526
row 00527
row 00528
row 00529
row 00530
row 00531
row 00532
row 00533
row 00534
row 00535
row 00536
row 00537
row 00538
row 00539
row 00540
row 00541
row 00542
row 00543
row 00544
row 00545
row 00546
row 00547
row 00548
row 00549
row 00550
row 00551
row 00552
row 00553
row 00554
row 00555
row 00556
row 00557
row 00558
row 00559
row 00560
row 00561
row 00562
row 00563
row 00564
row 00565
row 00566
row 00567
row 00568
row 00569
row 00570
row 00571
row 00572
row 00573
row 00574
row 00575
row 00576
row 00577
row 00578
row 00579
row 00580
row 00581
row 00582
row 00583
row 00584
row 00585
row 00586
row 00587
row 00588
row 00589
row 00590
row 00591
row 00592
row 00593
row 00594
row 00595
row 00596
row 00597
row 00598
row 00599
row 00600
row 00601
row 00602
row 00603
row 00604
row 00605
row 00606
row 00607
row 00608
row 00609
row 00610
row 00611
row 00612
row 00613
row 00614
row 00615
row 00616
row 00617
row 00618
row 00619
row 00620
row 00621
row 00622
row 00623
row 00624
row 00625
row 00626
row 00627
row 00628
row 00629
row 00630
row 00631
row 00632
row 00633
row 00634
row 00635
row 00636
row 00637
row 00638
row 00639
row 00640
row 00641
row 00642
row 00643
row 00644
row 00645
row 00646
row 00647
row 00648
row 00649
row 00650
row 00651
row 00652
row 00653
row 00654
row 00655
row 00656
row 00657
row 00658
row 00659
row 00660
row 00661
row 00662
row 00663
row 00664
row 00665
row 00666
row 00667
row 00668
row 00669
row 00670
row 00671
row 00672
row 00673
row 00674
row 00675
row 00676
row 00677
row 00678
row 00679
row 00680
row 00681
row 00682
row 00683
row 00684
row 00685
row 00686
row 00687
row 00688
row 00689
row 00690
row 00691
row 00692
row 00693
row 00694
row 00695
row 00696
row 00697
row 00698
row 00699
row 00700
row 00701
row 00702
row 00703
row 00704
row 00705
row 00706
row 00707
row 00708
row 00709
row 00710
row 00711
row 00712
row 00713
row 00714
row 00715
row 00716
row 00717
row 00718
row 00719
row 00720
row 00721
row 00722
row 00723
row 00724
row 00725
row 00726
row 00727
row 00728
row 00729
row 00730
row 00731
row 00732
row 00733
row 00734
row 00735
row 00736
row 00737
row 00738
row 00739
row 00740
row 00741
row 00742
row 00743
row 00744
row 00745
row 00746
row 00747
row 00748
row 00749
row 00750
row 00751
row 00752
row 00753
row 00754
row 00755
row 00756
row 00757
row 00758
row 00759
row 00760
row 00761
row 00762
row 00763
row 00764
row 00765
row 00766
row 00767
row 00768
row 00769
row 00770
row 00771
row 00772
row 00773
row 00774
row 00775
row 00776
row 00777
row 00778
row 00779
row 00780
row 00781
row 00782
row 00783
row 00784
row 00785
row 00786
row 00787
row 00788
row 00789
row 00790
row 00791
row 00792
row 00793
row 00794
row 00795
row 00796
row 00797
row 00798
row 00799
row 00800
row 00801
row 00802
row 00803
row 00804
row 00805
row 00806
row 00807
row 00808
row 00809
row 00810
row 00811
row 00812
row 00813
row 00814
row 00815
row 00816
row 00817
row 00818
row 00819
row 00820
row 00821
row 00822
row 00823
row 00824
row 00825
row 00826
row 00827
row 00828
row 00829
row 00830
row 00831
row 00832
row 00833
row 00834
row 00835
row 00836
row 00837
row 00838
row 00839
row 00840
row 00841
row 00842
row 00843
row 00844
row 00845
row 00846
row 00847
row 00848
row 00849
row 00850
row 00851
row 00852
row 00853
row 00854
row 00855
row 00856
row 00857
row 00858
row 00859
row 00860
row 00861
row 00862
row 00863
row 00864
row 00865
row 00866
row 00867
row 00868
row 00869
row 00870
row 00871
row 00872
row 00873
row 00874
row 00875
row 00876
row 00877
row 00878
row 00879
row 00880
row 00881
row 00882
row 00883
row 00884
row 00885
row 00886
row 00887
row 00888
row 00889
row 00890
row 00891
row 00892
row 00893
row 00894
row 00895
row 00896
row 00897
row 00898
row 00899
row 00900
row 00901
row 00902
row 00903
row 00904
row 00905
row 00906
row 00907
row 00908
row 00909
row 00910
row 00911
row 00912
row 00913
row 00914
row 00915
row 00916
row 00917
row 00918
row 00919
row 00920
row 00921
row 00922
row 00923
row 00924
row 00925
row 00926
row 00927
row 00928
row 00929
row 00930
row 00931
row 00932
row 00933
row 00934
row 00935
row 00936
row 00937
row 00938
row 00939
row 00940
row 00941
row 00942
row 00943
row 00944
row 00945
row 00946
row 00947
row 00948
row 00949
row 00950
row 00951
row 00952
row 00953
row 00954
row 00955
row 00956
row 00957
row 00958
row 00959
row 00960
row 00961
row 00962
row 00963
row 00964
row 00965
row 00966
row 00967
row 00968
row 00969
row 00970
row 00971
row 00972
row 00973
row 00974
row 00975
row 00976
row 00977
row 00978
row 00979
row 00980
row 00981
row 00982
row 00983
row 00984
row 00985
row 00986
row 00987
row 00988
row 00989
row 00990
row 00991
row 00992
row 00993
row 00994
row 00995
row 00996
row 00997
row 00998
row 00999
row 01000
row 01001
row 01002
row 01003
row 01004
row 01005
row 01006
row 01007
row 01008
row 01009
row 01010
row 01011
row 01012
row 01013
row 01014
row 01015
row 01016
row 01017
row 01018
row 01019
row 01020
row 01021
row 01022
row 01023
row 01024
row 01025
row 01026
row 01027
row 01028
row 01029
row 01030
row 01031
row 01032
row 01033
row 01034
row 01035
row 01036
row 01037
row 01038
row 01039
row 01040
row 01041
row 01042
row 01043
row 01044
row 01045
row 01046
row 01047
row 01048
row 01049
row 01050
row 01051
row 01052
row 01053
row 01054
row 01055
row 01056
row 01057
row 01058
row 01059
row 01060
row 01061
row 01062
row 01063
row 01064
row 01065
row 01066
row 01067
row 01068
row 01069
row 01070
row 01071
row 01072
row 01073
row 01074
row 01075
row 01076
row 01077
row 01078
row 01079
row 01080
row 01081
row 01082
row 01083
row 01084
row 01085
row 01086
row 01087
row 01088
row 01089
row 01090
row 01091
row 01092
row 01093
row 01094
row 01095
row 01096
row 01097
row 01098
row 01099
row 01100
row 01101
row 01102
row 01103
row 01104
row 01105
row 01106
row 01107
row 01108
row 01109
row 01110
row 01111
row 01112
row 01113
row 01114
row 01115
row 01116
row 01117
row 01118
row 01119
row 01120
row 01121
row 01122
row 01123
row 01124
row 01125
row 01126
row 01127
row 01128
row 01129
row 01130
row 01131
row 01132
row 01133
row 01134
row 01135
row 01136
row 01137
row 01138
row 01139
row 01140
row 01141
row 01142
row 01143
row 01144
row 01145
row 01146
row 01147
row 01148
row 01149
row 01150
row 01151
row 01152
row 01153
row 01154
row 01155
row 01156
row 01157
row 01158
row 01159
row 01160
row 01161
row 01162
row 01163
row 01164
row 01165
row 01166
row 01167
row 01168
row 01169
row 01170
row 01171
row 01172
row 01173
row 01174
row 01175
row 01176
row 01177
row 01178
row 01179
row 01180
row 01181
row 01182
row 01183
row 01184
row 01185
row 01186
row 01187
row 01188
row 01189
row 01190
row 01191
row 01192
row 01193
row 01194
row 01195
row 01196
row 01197
row 01198
row 01199
row 01200
row 01201
row 01202
row 01203
row 01204
row 01205
row 01206
row 01207
row 01208
row 01209
row 01210
row 01211
row 01212
row 01213
row 01214
row 01215
row 01216
row 01217
row 01218
row 01219
row 01220
row 01221
row 01222
row 01223
row 01224
row 01225
row 01226
row 01227
row 01228
row 01229
row 01230
row 01231
row 01232
row 01233
row 01234
row 01235
row 01236
row 01237
row 01238
row 01239
row 01240
row 01241
row 01242
row 01243
row 01244
row 01245
row 01246
row 01247
row 01248
row 01249
row 01250
row 01251
row 01252
row 01253
row 01254
row 01255
row 01256
row 01257
row 01258
row 01259
row 01260
row 01261
row 01262
row 01263
row 01264
row 01265
row 01266
row 01267
row 01268
row 01269
row 01270
row 01271
row 01272
row 01273
row 01274
row 01275
row 01276
row 01277
row 01278
row 01279
row 01280
row 01281
row 01282
row 01283
row 01284
row 01285
row 01286
row 01287
row 01288
row 01289
row 01290
row 01291
row 01292
row 01293
row 01294
row 01295
row 01296
row 01297
row 01298
row 01299
row 01300
row 01301
row 01302
row 01303
row 01304
row 01305
row 01306
row 01307
row 01308
row 01309
row 01310
row 01311
row 01312
row 01313
row 01314
row 01315
row 01316
row 01317
row 01318
row 01319
row 01320
row 01321
row 01322
row 01323
row 01324
row 01325
row 01326
row 01327
row 01328
row 01329
row 01330
row 01331
row 01332
row 01333
row 01334
row 01335
row 01336
row 01337
row 01338
row 01339
row 01340
row 01341
row 01342
row 01343
row 01344
row 01345
row 01346
row 01347
row 01348
row 01349
row 01350
row 01351
row 01352
row 01353
row 01354
row 01355
row 01356
row 01357
row 01358
row 01359
row 01360
row 01361
row 01362
row 01363
row 01364
row 01365
row 01366
row 01367
row 01368
row 01369
row 01370
row 01371
row 01372
row 01373
row 01374
row 01375
row 01376
row 01377
row 01378
row 01379
row 01380
row 01381
row 01382
row 01383
row 01384
row 01385
row 01386
row 01387
row 01388
row 01389
row 01390
row 01391
row 01392
row 01393
row 01394
row 01395
row 01396
row 01397
row 01398
row 01399
row 01400
row 01401
row 01402
row 01403
row 01404
row 01405
row 01406
row 01407
row 01408
row 01409
row 01410
row 01411
row 01412
row 01413
row 01414
row 01415
row 01416
row 01417
row 01418
row 01419
row 01420
row 01421
row 01422
row 01423
row 01424
row 01425
row 01426
row 01427
row 01428
row 01429
row 01430
row 01431
row 01432
row 01433
row 01434
row 01435
row 01436
row 01437
row 01438
row 01439
row 01440
row 01441
row 01442
row 01443
row 01444
row 01445
row 01446
row 01447
row 01448
row 01449
row 01450
row 01451
row 01452
row 01453
row 01454
row 01455
row 01456
row 01457
row 01458
row 01459
row 01460
row 01461
row 01462
row 01463
row 01464
row 01465
row 01466
row 01467
row 01468
row 01469
row 01470
row 01471
row 01472
row 01473
row 01474
row 01475
row 01476
row 01477
row 01478
row 01479
row 01480
row 01481
row 01482
row 01483
row 01484
row 01485
row 01486
row 01487
row 01488
row 01489
row 01490
row 01491
row 01492
row 01493
row 01494
row 01495
row 01496
row 01497
row 01498
row 01499
row 01500
row 01501
row 01502
row 01503
row 01504
row 01505
row 01506
row 01507
row 01508
row 01509
row 01510
row 01511
row 01512
row 01513
row 01514
row 01515
row 01516
row 01517
row 01518
row 01519
row 01520
row 01521
row 01522
row 01523
row 01524
row 01525
row 01526
row 01527
row 01528
row 01529
row 01530
row 01531
row 01532
row 01533
row 01534
row 01535
row 01536
row 01537
row 01538
row 01539
row 01540
row 01541
row 01542
row 01543
row 01544
row 01545
row 01546
row 01547
row 01548
row 01549
row 01550
row 01551
row 01552
row 01553
row 01554
row 01555
row 01556
row 01557
row 01558
row 01559
row 01560
row 01561
row 01562
row 01563
row 01564
row 01565
row 01566
row 01567
row 01568
row 01569
row 01570
row 01571
row 01572
row 01573
row 01574
row 01575
row 01576
row 01577
row 01578
row 01579
row 01580
row 01581
row 01582
row 01583
row 01584
row 01585
row 01586
row 01587
row 01588
row 01589
row 01590
row 01591
row 01592
row 01593
row 01594
row 01595
row 01596
row 01597
row 01598
row 01599
row 01600
row 01601
row 01602
row 01603
row 01604
row 01605
row 01606
row 01607
row 01608
row 01609
row 01610
row 01611
row 01612
row 01613
row 01614
row 01615
row 01616
row 01617
row 01618
row 01619
row 01620
row 01621
row 01622
row 01623
row 01624
row 01625
row 01626
row 01627
row 01628
row 01629
row 01630
row 01631
row 01632
row 01633
row 01634
row 01635
row 01636
row 01637
row 01638
row 01639
row 01640
row 01641
row 01642
row 01643
row 01644
row 01645
row 01646
row 01647
row 01648
row 01649
row 01650
row 01651
row 01652
row 01653
row 01654
row 01655
row 01656
row 01657
row 01658
row 01659
row 01660
row 01661
row 01662
row 01663
row 01664
row 01665
row 01666
row 01667
row 01668
row 01669
row 01670
row 01671
row 01672
row 01673
row 01674
row 01675
row 01676
row 01677
row 01678
row 01679
row 01680
row 01681
row 01682
row 01683
row 01684
row 01685
row 01686
row 01687
row 01688
row 01689
row 01690
row 01691
row 01692
row 01693
row 01694
row 01695
row 01696
row 01697
row 01698
row 01699
row 01700
row 01701
row 01702
row 01703
row 01704
row 01705
row 01706
row 01707
row 01708
row 01709
row 01710
row 01711
row 01712
row 01713
row 01714
row 01715
row 01716
row 01717
row 01718
row 01719
row 01720
row 01721
row 01722
row 01723
row 01724
row 01725
row 01726
row 01727
row 01728
row 01729
row 01730
row 01731
row 01732
row 01733
row 01734
row 01735
row 01736
row 01737
row 01738
row 01739
row 01740
row 01741
row 01742
row 01743
row 01744
row 01745
row 01746
row 01747
row 01748
row 01749
row 01750
row 01751
row 01752
row 01753
row 01754
row 01755
row 01756
row 01757
row 01758
row 01759
row 01760
row 01761
row 01762
row 01763
row 01764
row 01765
row 01766
row 01767
row 01768
row 01769
row 01770
row 01771
row 01772
row 01773
row 01774
row 01775
row 01776
row 01777
row 01778
row 01779
row 01780
row 01781
row 01782
row 01783
row 01784
row 01785
row 01786
row 01787
row 01788
row 01789
row 01790
row 01791
row 01792
row 01793
row 01794
row 01795
row 01796
row 01797
row 01798
row 01799
row 01800
row 01801
row 01802
row 01803
row 01804
row 01805
row 01806
row 01807
row 01808
row 01809
row 01810
row 01811
row 01812
row 01813
row 01814
row 01815
row 01816
row 01817
row 01818
row 01819
row 01820
row 01821
row 01822
row 01823
row 01824
row 01825
row 01826
row 01827
row 01828
row 01829
row 01830
row 01831
row 01832
row 01833
row 01834
row 01835
row 01836
row 01837
row 01838
row 01839
row 01840
row 01841
row 01842
row 01843
row 01844
row 01845
row 01846
row 01847
row 01848
row 01849
row 01850
row 01851
row 01852
row 01853
row 01854
row 01855
row 01856
row 01857
row 01858
row 01859
row 01860
row 01861
row 01862
row 01863
row 01864
row 01865
row 01866
row 01867
row 01868
row 01869
row 01870
row 01871
row 01872
row 01873
row 01874
row 01875
row 01876
row 01877
row 01878
row 01879
row 01880
row 01881
row 01882
row 01883
row 01884
row 01885
row 01886
row 01887
row 01888
row 01889
row 01890
row 01891
row 01892
row 01893
row 01894
row 01895
row 01896
row 01897
row 01898
row 01899
row 01900
row 01901
row 01902
row 01903
row 01904
row 01905
row 01906
row 01907
row 01908
row 01909
row 01910
row 01911
row 01912
row 01913
row 01914
row 01915
row 01916
row 01917
row 01918
row 01919
row 01920
row 01921
row 01922
row 01923
row 01924
row 01925
row 01926
row 01927
row 01928
row 01929
row 01930
row 01931
row 01932
row 01933
row 01934
row 01935
row 01936
row 01937
row 01938
row 01939
row 01940
row 01941
row 01942
row 01943
row 01944
row 01945
row 01946
row 01947
row 01948
row 01949
row 01950
row 01951
row 01952
row 01953
row 01954
row 01955
row 01956
row 01957
row 01958
row 01959
row 01960
row 01961
row 01962
row 01963
row 01964
row 01965
row 01966
row 01967
row 01968
row 01969
row 01970
row 01971
row 01972
row 01973
row 01974
row 01975
row 01976
row 01977
row 01978
row 01979
row 01980
row 01981
row 01982
row 01983
row 01984
row 01985
row 01986
row 01987
row 01988
row 01989
row 01990
row 01991
row 01992
row 01993
row 01994
row 01995
row 01996
row 01997
row 01998
row 01999
row 02000
row 02001
row 02002
row 02003
row 02004
row 02005
row 02006
row 02007
row 02008
row 02009
row 02010
row 02011
row 02012
row 02013
row 02014
row 02015
row 02016
row 02017
row 02018
row 02019
row 02020
row 02021
row 02022
row 02023
row 02024
row 02025
row 02026
row 02027
row 02028
row 02029
row 02030
row 02031
row 02032
row 02033
row 02034
row 02035
row 02036
row 02037
row 02038
row 02039
row 02040
row 02041
row 02042
row 02043
row 02044
row 02045
row 02046
row 02047
row 02048
row 02049
row 02050
row 02051
row 02052
row 02053
row 02054
row 02055
row 02056
row 02057
row 02058
row 02059
row 02060
row 02061
row 02062
row 02063
row 02064
row 02065
row 02066
row 02067
row 02068
row 02069
row 02070
row 02071
row 02072
row 02073
row 02074
row 02075
row 02076
row 02077
row 02078
row 02079
row 02080
row 02081
row 02082
row 02083
row 02084
row 02085
row 02086
row 02087
row 02088
row 02089
row 02090
row 02091
row 02092
row 02093
row 02094
row 02095
row 02096
row 02097
row 02098
row 02099
row 02100
row 02101
row 02102
row 02103
row 02104
row 02105
row 02106
row 02107
row 02108
row 02109
row 02110
row 02111
row 02112
row 02113
row 02114
row 02115
row 02116
row 02117
row 02118
row 02119
row 02120
row 02121
row 02122
row 02123
row 02124
row 02125
row 02126
row 02127
row 02128
row 02129
row 02130
row 02131
row 02132
row 02133
row 02134
row 02135
row 02136
row 02137
row 02138
row 02139
row 02140
row 02141
row 02142
row 02143
row 02144
row 02145
row 02146
row 02147
row 02148
row 02149
row 02150
row 02151
row 02152
row 02153
row 02154
row 02155
row 02156
row 02157
row 02158
row 02159
row 02160
row 02161
row 02162
row 02163
row 02164
row 02165
row 02166
row 02167
row 02168
row 02169
row 02170
row 02171
row 02172
row 02173
row 02174
row 02175
row 02176
row 02177
row 02178
row 02179
row 02180
row 02181
row 02182
row 02183
row 02184
row 02185
row 02186
row 02187
row 02188
row 02189
row 02190
row 02191
row 02192
row 02193
row 02194
row 02195
row 02196
row 02197
row 02198
row 02199
row 02200
row 02201
row 02202
row 02203
row 02204
row 02205
row 02206
row 02207
row 02208
row 02209
row 02210
row 02211
row 02212
row 02213
row 02214
row 02215
row 02216
row 02217
row 02218
row 02219
row 02220
row 02221
row 02222
row 02223
row 02224
row 02225
row 02226
row 02227
row 02228
row 02229
row 02230
row 02231
row 02232
row 02233
row 02234
row 02235
row 02236
row 02237
row 02238
row 02239
row 02240
row 02241
row 02242
row 02243
row 02244
row 02245
row 02246
row 02247
row 02248
row 02249
row 02250
row 02251
row 02252
row 02253
row 02254
row 02255
row 02256
row 02257
row 02258
row 02259
row 02260
row 02261
row 02262
row 02263
row 02264
row 02265
row 02266
row 02267
row 02268
row 02269
row 02270
row 02271
row 02272
row 02273
row 02274
row 02275
row 02276
row 02277
row 02278
row 02279
row 02280
row 02281
row 02282
row 02283
row 02284
row 02285
row 02286
row 02287
row 02288
row 02289
row 02290
row 02291
row 02292
row 02293
row 02294
row 02295
row 02296
row 02297
row 02298
row 02299
row 02300
row 02301
row 02302
row 02303
row 02304
row 02305
row 02306
row 02307
row 02308
row 02309
row 02310
row 02311
row 02312
row 02313
row 02314
row 02315
row 02316
row 02317
row 02318
row 02319
row 02320
row 02321
row 02322
row 02323
row 02324
row 02325
row 02326
row 02327
row 02328
row 02329
row 02330
row 02331
row 02332
row 02333
row 02334
row 02335
row 02336
row 02337
row 02338
row 02339
row 02340
row 02341
row 02342
row 02343
row 02344
row 02345
row 02346
row 02347
row 02348
row 02349
row 02350
row 02351
row 02352
row 02353
row 02354
row 02355
row 02356
row 02357
row 02358
row 02359
row 02360
row 02361
row 02362
row 02363
row 02364
row 02365
row 02366
row 02367
row 02368
row 02369
row 02370
row 02371
row 02372
row 02373
row 02374
row 02375
row 02376
row 02377
row 02378
row 02379
row 02380
row 02381
row 02382
row 02383
row 02384
row 02385
row 02386
row 02387
row 02388
row 02389
row 02390
row 02391
row 02392
row 02393
row 02394
row 02395
row 02396
row 02397
row 02398
row 02399
row 02400
row 02401
row 02402
row 02403
row 02404
row 02405
row 02406
row 02407
row 02408
row 02409
row 02410
row 02411
row 02412
row 02413
row 02414
row 02415
row 02416
row 02417
row 02418
row 02419
row 02420
row 02421
row 02422
row 02423
row 02424
row 02425
row 02426
row 02427
row 02428
row 02429
row 02430
row 02431
row 02432
row 02433
row 02434
row 02435
row 02436
row 02437
row 02438
row 02439
row 02440
row 02441
row 02442
row 02443
row 02444
row 02445
row 02446
row 02447
row 02448
row 02449
row 02450
row 02451
row 02452
row 02453
row 02454
row 02455
row 02456
row 02457
row 02458
row 02459
row 02460
row 02461
row 02462
row 02463
row 02464
row 02465
row 02466
row 02467
row 02468
row 02469
row 02470
row 02471
row 02472
row 02473
row 02474
row 02475
row 02476
row 02477
row 02478
row 02479
row 02480
row 02481
row 02482
row 02483
row 02484
row 02485
row 02486
row 02487
row 02488
row 02489
row 02490
row 02491
row 02492
row 02493
row 02494
row 02495
row 02496
row 02497
row 02498
row 02499
row 02500
row 02501
row 02502
row 02503
row 02504
row 02505
row 02506
row 02507
row 02508
row 02509
row 02510
row 02511
row 02512
row 02513
row 02514
row 02515
row 02516
row 02517
row 02518
row 02519
row 02520
row 02521
row 02522
row 02523
row 02524
row 02525
row 02526
row 02527
row 02528
row 02529
row 02530
row 02531
row 02532
row 02533
row 02534
row 02535
row 02536
row 02537
row 02538
row 02539
row 02540
row 02541
row 02542
row 02543
row 02544
row 02545
row 02546
row 02547
row 02548
row 02549
row 02550
row 02551
row 02552
row 02553
row 02554
row 02555
row 02556
row 02557
row 02558
row 02559
row 02560
row 02561
row 02562
row 02563
row 02564
row 02565
row 02566
row 02567
row 02568
row 02569
row 02570
row 02571
row 02572
row 02573
row 02574
row 02575
row 02576
row 02577
row 02578
row 02579
row 02580
row 02581
row 02582
row 02583
row 02584
row 02585
row 02586
row 02587
row 02588
row 02589
row 02590
row 02591
row 02592
row 02593
row 02594
row 02595
row 02596
row 02597
row 02598
row 02599
row 02600
row 02601
row 02602
row 02603
row 02604
row 02605
row 02606
row 02607
row 02608
row 02609
row 02610
row 02611
row 02612
row 02613
row 02614
row 02615
row 02616
row 02617
row 02618
row 02619
row 02620
row 02621
row 02622
row 02623
row 02624
row 02625
row 02626
row 02627
row 02628
row 02629
row 02630
row 02631
row 02632
row 02633
row 02634
row 02635
row 02636
row 02637
row 02638
row 02639
row 02640
row 02641
row 02642
row 02643
row 02644
row 02645
row 02646
row 02647
row 02648
row 02649
row 02650
row 02651
row 02652
row 02653
row 02654
row 02655
row 02656
row 02657
row 02658
row 02659
row 02660
row 02661
row 02662
row 02663
row 02664
row 02665
row 02666
row 02667
row 02668
row 02669
row 02670
row 02671
row 02672
row 02673
row 02674
row 02675
row 02676
row 02677
row 02678
row 02679
row 02680
row 02681
row 02682
row 02683
row 02684
row 02685
row 02686
row 02687
row 02688
row 02689
row 02690
row 02691
row 02692
row 02693
row 02694
row 02695
row 02696
row 02697
row 02698
row 02699
row 02700
row 02701
row 02702
row 02703
row 02704
row 02705
row 02706
row 02707
row 02708
row 02709
row 02710
row 02711
row 02712
row 02713
row 02714
row 02715
row 02716
row 02717
row 02718
row 02719
row 02720
row 02721
row 02722
row 02723
row 02724
row 02725
row 02726
row 02727
row 02728
row 02729
row 02730
row 02731
row 02732
row 02733
row 02734
row 02735
row 02736
row 02737
row 02738
row 02739
row 02740
row 02741
row 02742
row 02743
row 02744
row 02745
row 02746
row 02747
row 02748
row 02749
row 02750
row 02751
row 02752
row 02753
row 02754
row 02755
row 02756
row 02757
row 02758
row 02759
row 02760
row 02761
row 02762
row 02763
row 02764
row 02765
row 02766
row 02767
row 02768
row 02769
row 02770
row 02771
row 02772
row 02773
row 02774
row 02775
row 02776
row 02777
row 02778
row 02779
row 02780
row 02781
row 02782
row 02783
row 02784
row 02785
row 02786
row 02787
row 02788
row 02789
row 02790
row 02791
row 02792
row 02793
row 02794
row 02795
row 02796
row 02797
row 02798
row 02799
row 02800
row 02801
row 02802
row 02803
row 02804
row 02805
row 02806
row 02807
row 02808
row 02809
row 02810
row 02811
row 02812
row 02813
row 02814
row 02815
row 02816
row 02817
row 02818
row 02819
row 02820
row 02821
row 02822
row 02823
row 02824
row 02825
row 02826
row 02827
row 02828
row 02829
row 02830
row 02831
row 02832
row 02833
row 02834
row 02835
row 02836
row 02837
row 02838
row 02839
row 02840
row 02841
row 02842
row 02843
row 02844
row 02845
row 02846
row 02847
row 02848
row 02849
row 02850
row 02851
row 02852
row 02853
row 02854
row 02855
row 02856
row 02857
row 02858
row 02859
row 02860
row 02861
row 02862
row 02863
row 02864
row 02865
row 02866
row 02867
row 02868
row 02869
row 02870
row 02871
row 02872
row 02873
row 02874
row 02875
row 02876
row 02877
row 02878
row 02879
row 02880
row 02881
row 02882
row 02883
row 02884
row 02885
row 02886
row 02887
row 02888
row 02889
row 02890
row 02891
row 02892
row 02893
row 02894
row 02895
row 02896
row 02897
row 02898
row 02899
row 02900
row 02901
row 02902
row 02903
row 02904
row 02905
row 02906
row 02907
row 02908
row 02909
row 02910
row 02911
row 02912
row 02913
row 02914
row 02915
row 02916
row 02917
row 02918
row 02919
row 02920
row 02921
row 02922
row 02923
row 02924
row 02925
row 02926
row 02927
row 02928
row 02929
row 02930
row 02931
row 02932
row 02933
row 02934
row 02935
row 02936
row 02937
row 02938
row 02939
row 02940
row 02941
row 02942
row 02943
row 02944
row 02945
row 02946
row 02947
row 02948
row 02949
row 02950
row 02951
row 02952
row 02953
row 02954
row 02955
row 02956
row 02957
row 02958
row 02959
row 02960
row 02961
row 02962
row 02963
row 02964
row 02965
row 02966
row 02967
row 02968
row 02969
row 02970
row 02971
row 02972
row 02973
row 02974
row 02975
row 02976
row 02977
row 02978
row 02979
row 02980
row 02981
row 02982
row 02983
row 02984
row 02985
row 02986
row 02987
row 02988
row 02989
row 02990
row 02991
row 02992
row 02993
row 02994
row 02995
row 02996
row 02997
row 02998
row 02999
row 03000
row 03001
row 03002
row 03003
row 03004
row 03005
row 03006
row 03007
row 03008
row 03009
row 03010
row 03011
row 03012
row 03013
row 03014
row 03015
row 03016
row 03017
row 03018
row 03019
row 03020
row 03021
row 03022
row 03023
row 03024
row 03025
row 03026
row 03027
row 03028
row 03029
row 03030
row 03031
row 03032
row 03033
row 03034
row 03035
row 03036
row 03037
row 03038
row 03039
row 03040
row 03041
row 03042
row 03043
row 03044
row 03045
row 03046
row 03047
row 03048
row 03049
row 03050
row 03051
row 03052
row 03053
row 03054
row 03055
row 03056
row 03057
row 03058
row 03059
row 03060
row 03061
row 03062
row 03063
row 03064
row 03065
row 03066
row 03067
row 03068
row 03069
row 03070
row 03071
row 03072
row 03073
row 03074
row 03075
row 03076
row 03077
row 03078
row 03079
row 03080
row 03081
row 03082
row 03083
row 03084
row 03085
row 03086
row 03087
row 03088
row 03089
row 03090
row 03091
row 03092
row 03093
row 03094
row 03095
row 03096
row 03097
row 03098
row 03099
row 03100
row 03101
row 03102
row 03103
row 03104
row 03105
row 03106
row 03107
row 03108
row 03109
row 03110
row 03111
row 03112
row 03113
row 03114
row 03115
row 03116
row 03117
row 03118
row 03119
row 03120
row 03121
row 03122
row 03123
row 03124
row 03125
row 03126
row 03127
row 03128
row 03129
row 03130
row 03131
row 03132
row 03133
row 03134
row 03135
row 03136
row 03137
row 03138
row 03139
row 03140
row 03141
row 03142
row 03143
row 03144
row 03145
row 03146
row 03147
row 03148
row 03149
row 03150
row 03151
row 03152
row 03153
row 03154
row 03155
row 03156
row 03157
row 03158
row 03159
row 03160
row 03161
row 03162
row 03163
row 03164
row 03165
row 03166
row 03167
row 03168
row 03169
row 03170
row 03171
row 03172
row 03173
row 03174
row 03175
row 03176
row 03177
row 03178
row 03179
row 03180
row 03181
row 03182
row 03183
row 03184
row 03185
row 03186
row 03187
row 03188
row 03189
row 03190
row 03191
row 03192
row 03193
row 03194
row 03195
row 03196
row 03197
row 03198
row 03199
row 03200
row 03201
row 03202
row 03203
row 03204
row 03205
row 03206
row 03207
row 03208
row 03209
row 03210
row 03211
row 03212
row 03213
row 03214
row 03215
row 03216
row 03217
row 03218
row 03219
row 03220
row 03221
row 03222
row 03223
row 03224
row 03225
row 03226
row 03227
row 03228
row 03229
row 03230
row 03231
row 03232
row 03233
row 03234
row 03235
row 03236
row 03237
row 03238
row 03239
row 03240
row 03241
row 03242
row 03243
row 03244
row 03245
row 03246
row 03247
row 03248
row 03249
row 03250
row 03251
row 03252
row 03253
row 03254
row 03255
row 03256
row 03257
row 03258
row 03259
row 03260
row 03261
row 03262
row 03263
row 03264
row 03265
row 03266
row 03267
row 03268
row 03269
row 03270
row 03271
row 03272
row 03273
row 03274
row 03275
row 03276
row 03277
row 03278
row 03279
row 03280
row 03281
row 03282
row 03283
row 03284
row 03285
row 03286
row 03287
row 03288
row 03289
row 03290
row 03291
row 03292
row 03293
row 03294
row 03295
row 03296
row 03297
row 03298
row 03299
row 03300
row 03301
row 03302
row 03303
row 03304
row 03305
row 03306
row 03307
row 03308
row 03309
row 03310
row 03311
row 03312
row 03313
row 03314
row 03315
row 03316
row 03317
row 03318
row 03319
row 03320
row 03321
row 03322
row 03323
row 03324
row 03325
row 03326
row 03327
row 03328
row 03329
row 03330
row 03331
row 03332
row 03333
row 03334
row 03335
row 03336
row 03337
row 03338
row 03339
row 03340
row 03341
row 03342
row 03343
row 03344
row 03345
row 03346
row 03347
row 03348
row 03349
row 03350
row 03351
row 03352
row 03353
row 03354
row 03355
row 03356
row 03357
row 03358
row 03359
row 03360
row 03361
row 03362
row 03363
row 03364
row 03365
row 03366
row 03367
row 03368
row 03369
row 03370
row 03371
row 03372
row 03373
row 03374
row 03375
row 03376
row 03377
row 03378
row 03379
row 03380
row 03381
row 03382
row 03383
row 03384
row 03385
row 03386
row 03387
row 03388
row 03389
row 03390
row 03391
row 03392
row 03393
row 03394
row 03395
row 03396
row 03397
row 03398
row 03399
row 03400
row 03401
row 03402
row 03403
row 03404
row 03405
row 03406
row 03407
row 03408
row 03409
row 03410
row 03411
row 03412
row 03413
row 03414
row 03415
row 03416
row 03417
row 03418
row 03419
row 03420
row 03421
row 03422
row 03423
row 03424
row 03425
row 03426
row 03427
row 03428
row 03429
row 03430
row 03431
row 03432
row 03433
row 03434
row 03435
row 03436
row 03437
row 03438
row 03439
row 03440
row 03441
row 03442
row 03443
row 03444
row 03445
row 03446
row 03447
row 03448
row 03449
row 03450
row 03451
row 03452
row 03453
row 03454
row 03455
row 03456
row 03457
row 03458
row 03459
row 03460
row 03461
row 03462
row 03463
row 03464
row 03465
row 03466
row 03467
row 03468
row 03469
row 03470
row 03471
row 03472
row 03473
row 03474
row 03475
row 03476
row 03477
row 03478
row 03479
row 03480
row 03481
row 03482
row 03483
row 03484
row 03485
row 03486
row 03487
row 03488
row 03489
row 03490
row 03491
row 03492
row 03493
row 03494
row 03495
row 03496
row 03497
row 03498
row 03499
row 03500
row 03501
row 03502
row 03503
row 03504
row 03505
row 03506
row 03507
row 03508
row 03509
row 03510
row 03511
row 03512
row 03513
row 03514
row 03515
row 03516
row 03517
row 03518
row 03519
row 03520
row 03521
row 03522
row 03523
row 03524
row 03525
row 03526
row 03527
row 03528
row 03529
row 03530
row 03531
row 03532
row 03533
row 03534
row 03535
row 03536
row 03537
row 03538
row 03539
row 03540
row 03541
row 03542
row 03543
row 03544
row 03545
row 03546
row 03547
row 03548
row 03549
row 03550
row 03551
row 03552
row 03553
row 03554
row 03555
row 03556
row 03557
row 03558
row 03559
row 03560
row 03561
row 03562
row 03563
row 03564
row 03565
row 03566
row 03567
row 03568
row 03569
row 03570
row 03571
row 03572
row 03573
row 03574
row 03575
row 03576
row 03577
row 03578
row 03579
row 03580
row 03581
row 03582
row 03583
row 03584
row 03585
row 03586
row 03587
row 03588
row 03589
row 03590
row 03591
row 03592
row 03593
row 03594
row 03595
row 03596
row 03597
row 03598
row 03599
row 03600
row 03601
row 03602
row 03603
row 03604
row 03605
row 03606
row 03607
row 03608
row 03609
row 03610
row 03611
row 03612
row 03613
row 03614
row 03615
row 03616
row 03617
row 03618
row 03619
row 03620
row 03621
row 03622
row 03623
row 03624
row 03625
row 03626
row 03627
row 03628
row 03629
row 03630
row 03631
row 03632
row 03633
row 03634
row 03635
row 03636
row 03637
row 03638
row 03639
row 03640
row 03641
row 03642
row 03643
row 03644
row 03645
row 03646
row 03647
row 03648
row 03649
row 03650
row 03651
row 03652
row 03653
row 03654
row 03655
row 03656
row 03657
row 03658
row 03659
row 03660
row 03661
row 03662
row 03663
row 03664
row 03665
row 03666
row 03667
row 03668
row 03669
row 03670
row 03671
row 03672
row 03673
row 03674
row 03675
row 03676
row 03677
row 03678
row 03679
row 03680
row 03681
row 03682
row 03683
row 03684
row 03685
row 03686
row 03687
row 03688
row 03689
row 03690
row 03691
row 03692
row 03693
row 03694
row 03695
row 03696
row 03697
row 03698
row 03699
row 03700
row 03701
row 03702
row 03703
row 03704
row 03705
row 03706
row 03707
row 03708
row 03709
row 03710
row 03711
row 03712
row 03713
row 03714
row 03715
row 03716
row 03717
row 03718
row 03719
row 03720
row 03721
row 03722
row 03723
row 03724
row 03725
row 03726
row 03727
row 03728
row 03729
row 03730
row 03731
row 03732
row 03733
row 03734
row 03735
row 03736
row 03737
row 03738
row 03739
row 03740
row 03741
row 03742
row 03743
row 03744
row 03745
row 03746
row 03747
row 03748
row 03749
row 03750
row 03751
row 03752
row 03753
row 03754
row 03755
row 03756
row 03757
row 03758
row 03759
row 03760
row 03761
row 03762
row 03763
row 03764
row 03765
row 03766
row 03767
row 03768
row 03769
row 03770
row 03771
row 03772
row 03773
row 03774
row 03775
row 03776
row 03777
row 03778
row 03779
row 03780
row 03781
row 03782
row 03783
row 03784
row 03785
row 03786
row 03787
row 03788
row 03789
row 03790
row 03791
row 03792
row 03793
row 03794
row 03795
row 03796
row 03797
row 03798
row 03799
row 03800
row 03801
row 03802
row 03803
row 03804
row 03805
row 03806
row 03807
row 03808
row 03809
row 03810
row 03811
row 03812
row 03813
row 03814
row 03815
row 03816
row 03817
row 03818
row 03819
row 03820
row 03821
row 03822
row 03823
row 03824
row 03825
row 03826
row 03827
row 03828
row 03829
row 03830
row 03831
row 03832
row 03833
row 03834
row 03835
row 03836
row 03837
row 03838
row 03839
row 03840
row 03841
row 03842
row 03843
row 03844
row 03845
row 03846
row 03847
row 03848
row 03849
row 03850
row 03851
row 03852
row 03853
row 03854
row 03855
row 03856
row 03857
row 03858
row 03859
row 03860
row 03861
row 03862
row 03863
row 03864
row 03865
row 03866
row 03867
row 03868
row 03869
row 03870
row 03871
row 03872
row 03873
row 03874
row 03875
row 03876
row 03877
row 03878
row 03879
row 03880
row 03881
row 03882
row 03883
row 03884
row 03885
row 03886
row 03887
row 03888
row 03889
row 03890
row 03891
row 03892
row 03893
row 03894
row 03895
row 03896
row 03897
row 03898
row 03899
row 03900
row 03901
row 03902
row 03903
row 03904
row 03905
row 03906
row 03907
row 03908
row 03909
row 03910
row 03911
row 03912
row 03913
row 03914
row 03915
row 03916
row 03917
row 03918
row 03919
row 03920
row 03921
row 03922
row 03923
row 03924
row 03925
row 03926
row 03927
row 03928
row 03929
row 03930
row 03931
row 03932
row 03933
row 03934
row 03935
row 03936
row 03937
row 03938
row 03939
row 03940
row 03941
row 03942
row 03943
row 03944
row 03945
row 03946
row 03947
row 03948
row 03949
row 03950
row 03951
row 03952
row 03953
row 03954
row 03955
row 03956
row 03957
row 03958
row 03959
row 03960
row 03961
row 03962
row 03963
row 03964
row 03965
row 03966
row 03967
row 03968
row 03969
row 03970
row 03971
row 03972
row 03973
row 03974
row 03975
row 03976
row 03977
row 03978
row 03979
row 03980
row 03981
row 03982
row 03983
row 03984
row 03985
row 03986
row 03987
row 03988
row 03989
row 03990
row 03991
row 03992
row 03993
row 03994
row 03995
row 03996
row 03997
row 03998
row 03999
row 04000
row 04001
row 04002
row 04003
row 04004
row 04005
row 04006
row 04007
row 04008
row 04009
row 04010
row 04011
row 04012
row 04013
row 04014
row 04015
row 04016
row 04017
row 04018
row 04019
row 04020
row 04021
row 04022
row 04023
row 04024
row 04025
row 04026
row 04027
row 04028
row 04029
row 04030
row 04031
row 04032
row 04033
row 04034
row 04035
row 04036
row 04037
row 04038
row 04039
row 04040
row 04041
row 04042
row 04043
row 04044
row 04045
row 04046
row 04047
row 04048
row 04049
row 04050
row 04051
row 04052
row 04053
row 04054
row 04055
row 04056
row 04057
row 04058
row 04059
row 04060
row 04061
row 04062
row 04063
row 04064
row 04065
row 04066
row 04067
row 04068
row 04069
row 04070
row 04071
row 04072
row 04073
row 04074
row 04075
row 04076
row 04077
row 04078
row 04079
row 04080
row 04081
row 04082
row 04083
row 04084
row 04085
row 04086
row 04087
row 04088
row 04089
row 04090
row 04091
row 04092
row 04093
row 04094
row 04095
row 04096
row 04097
row 04098
row 04099
row 04100
row 04101
row 04102
row 04103
row 04104
row 04105
row 04106
row 04107
row 04108
row 04109
row 04110
row 04111
row 04112
row 04113
row 04114
row 04115
row 04116
row 04117
row 04118
row 04119
row 04120
row 04121
row 04122
row 04123
row 04124
row 04125
row 04126
row 04127
row 04128
row 04129
row 04130
row 04131
row 04132
row 04133
row 04134
row 04135
row 04136
row 04137
row 04138
row 04139
row 04140
row 04141
row 04142
row 04143
row 04144
row 04145
row 04146
row 04147
row 04148
row 04149
row 04150
row 04151
row 04152
row 04153
row 04154
row 04155
row 04156
row 04157
row 04158
row 04159
row 04160
row 04161
row 04162
row 04163
row 04164
row 04165
row 04166
row 04167
row 04168
row 04169
row 04170
row 04171
row 04172
row 04173
row 04174
row 04175
row 04176
row 04177
row 04178
row 04179
row 04180
row 04181
row 04182
row 04183
row 04184
row 04185
row 04186
row 04187
row 04188
row 04189
row 04190
row 04191
row 04192
row 04193
row 04194
row 04195
row 04196
row 04197
row 04198
row 04199
row 04200
row 04201
row 04202
row 04203
row 04204
row 04205
row 04206
row 04207
row 04208
row 04209
row 04210
row 04211
row 04212
row 04213
row 04214
row 04215
row 04216
row 04217
row 04218
row 04219
row 04220
row 04221
row 04222
row 04223
row 04224
row 04225
row 04226
row 04227
row 04228
row 04229
row 04230
row 04231
row 04232
row 04233
row 04234
row 04235
row 04236
row 04237
row 04238
row 04239
row 04240
row 04241
row 04242
row 04243
row 04244
row 04245
row 04246
row 04247
row 04248
row 04249
row 04250
row 04251
row 04252
row 04253
row 04254
row 04255
row 04256
row 04257
row 04258
row 04259
row 04260
row 04261
row 04262
row 04263
row 04264
row 04265
row 04266
row 04267
row 04268
row 04269
row 04270
row 04271
row 04272
row 04273
row 04274
row 04275
row 04276
row 04277
row 04278
row 04279
row 04280
row 04281
row 04282
row 04283
row 04284
row 04285
row 04286
row 04287
row 04288
row 04289
row 04290
row 04291
row 04292
row 04293
row 04294
row 04295
row 04296
row 04297
row 04298
row 04299
row 04300
row 04301
row 04302
row 04303
row 04304
row 04305
row 04306
row 04307
row 04308
row 04309
row 04310
row 04311
row 04312
row 04313
row 04314
row 04315
row 04316
row 04317
row 04318
row 04319
row 04320
row 04321
row 04322
row 04323
row 04324
row 04325
row 04326
row 04327
row 04328
row 04329
row 04330
row 04331
row 04332
row 04333
row 04334
row 04335
row 04336
row 04337
row 04338
row 04339
row 04340
row 04341
row 04342
row 04343
row 04344
row 04345
row 04346
row 04347
row 04348
row 04349
row 04350
row 04351
row 04352
row 04353
row 04354
row 04355
row 04356
row 04357
row 04358
row 04359
row 04360
row 04361
row 04362
row 04363
row 04364
row 04365
row 04366
row 04367
row 04368
row 04369
row 04370
row 04371
row 04372
row 04373
row 04374
row 04375
row 04376
row 04377
row 04378
row 04379
row 04380
row 04381
row 04382
row 04383
row 04384
row 04385
row 04386
row 04387
row 04388
row 04389
row 04390
row 04391
row 04392
row 04393
row 04394
row 04395
row 04396
row 04397
row 04398
row 04399
row 04400
row 04401
row 04402
row 04403
row 04404
row 04405
row 04406
row 04407
row 04408
row 04409
row 04410
row 04411
row 04412
row 04413
row 04414
row 04415
row 04416
row 04417
row 04418
row 04419
row 04420
row 04421
row 04422
row 04423
row 04424
row 04425
row 04426
row 04427
row 04428
row 04429
row 04430
row 04431
row 04432
row 04433
row 04434
row 04435
row 04436
row 04437
row 04438
row 04439
row 04440
row 04441
row 04442
row 04443
row 04444
row 04445
row 04446
row 04447
row 04448
row 04449
row 04450
row 04451
row 04452
row 04453
row 04454
row 04455
row 04456
row 04457
row 04458
row 04459
row 04460
row 04461
row 04462
row 04463
row 04464
row 04465
row 04466
row 04467
row 04468
row 04469
row 04470
row 04471
row 04472
row 04473
row 04474
row 04475
row 04476
row 04477
row 04478
row 04479
row 04480
row 04481
row 04482
row 04483
row 04484
row 04485
row 04486
row 04487
row 04488
row 04489
row 04490
row 04491
row 04492
row 04493
row 04494
row 04495
row 04496
row 04497
row 04498
row 04499
row 04500
row 04501
row 04502
row 04503
row 04504
row 04505
row 04506
row 04507
row 04508
row 04509
row 04510
row 04511
row 04512
row 04513
row 04514
row 04515
row 04516
row 04517
row 04518
row 04519
row 04520
row 04521
row 04522
row 04523
row 04524
row 04525
row 04526
row 04527
row 04528
row 04529
row 04530
row 04531
row 04532
row 04533
row 04534
row 04535
row 04536
row 04537
row 04538
row 04539
row 04540
row 04541
row 04542
row 04543
row 04544
row 04545
row 04546
row 04547
row 04548
row 04549
row 04550
row 04551
row 04552
row 04553
row 04554
row 04555
row 04556
row 04557
row 04558
row 04559
row 04560
row 04561
row 04562
row 04563
row 04564
row 04565
row 04566
row 04567
row 04568
row 04569
row 04570
row 04571
row 04572
row 04573
row 04574
row 04575
row 04576
row 04577
row 04578
row 04579
row 04580
row 04581
row 04582
row 04583
row 04584
row 04585
row 04586
row 04587
row 04588
row 04589
row 04590
row 04591
row 04592
row 04593
row 04594
row 04595
row 04596
row 04597
row 04598
row 04599
row 04600
row 04601
row 04602
row 04603
row 04604
row 04605
row 04606
row 04607
row 04608
row 04609
row 04610
row 04611
row 04612
row 04613
row 04614
row 04615
row 04616
row 04617
row 04618
row 04619
row 04620
row 04621
row 04622
row 04623
row 04624
row 04625
row 04626
row 04627
row 04628
row 04629
row 04630
row 04631
row 04632
row 04633
row 04634
row 04635
row 04636
row 04637
row 04638
row 04639
row 04640
row 04641
row 04642
row 04643
row 04644
row 04645
row 04646
row 04647
row 04648
row 04649
row 04650
row 04651
row 04652
row 04653
row 04654
row 04655
row 04656
row 04657
row 04658
row 04659
row 04660
row 04661
row 04662
row 04663
row 04664
row 04665
row 04666
row 04667
row 04668
row 04669
row 04670
row 04671
row 04672
row 04673
row 04674
row 04675
row 04676
row 04677
row 04678
row 04679
row 04680
row 04681
row 04682
row 04683
row 04684
row 04685
row 04686
row 04687
row 04688
row 04689
row 04690
row 04691
row 04692
row 04693
row 04694
row 04695
row 04696
row 04697
row 04698
row 04699
row 04700
row 04701
row 04702
row 04703
row 04704
row 04705
row 04706
row 04707
row 04708
row 04709
row 04710
row 04711
row 04712
row 04713
row 04714
row 04715
row 04716
row 04717
row 04718
row 04719
row 04720
row 04721
row 04722
row 04723
row 04724
row 04725
row 04726
row 04727
row 04728
row 04729
row 04730
row 04731
row 04732
row 04733
row 04734
row 04735
row 04736
row 04737
row 04738
row 04739
row 04740
row 04741
row 04742
row 04743
row 04744
row 04745
row 04746
row 04747
row 04748
row 04749
row 04750
row 04751
row 04752
row 04753
row 04754
row 04755
row 04756
row 04757
row 04758
row 04759
row 04760
row 04761
row 04762
row 04763
row 04764
row 04765
row 04766
row 04767
row 04768
row 04769
row 04770
row 04771
row 04772
row 04773
row 04774
row 04775
row 04776
row 04777
row 04778
row 04779
row 04780
row 04781
row 04782
row 04783
row 04784
row 04785
row 04786
row 04787
row 04788
row 04789
row 04790
row 04791
row 04792
row 04793
row 04794
row 04795
row 04796
row 04797
row 04798
row 04799
row 04800
row 04801
row 04802
row 04803
row 04804
row 04805
row 04806
row 04807
row 04808
row 04809
row 04810
row 04811
row 04812
row 04813
row 04814
row 04815
row 04816
row 04817
row 04818
row 04819
row 04820
row 04821
row 04822
row 04823
row 04824
row 04825
row 04826
row 04827
row 04828
row 04829
row 04830
row 04831
row 04832
row 04833
row 04834
row 04835
row 04836
row 04837
row 04838
row 04839
row 04840
row 04841
row 04842
row 04843
row 04844
row 04845
row 04846
row 04847
row 04848
row 04849
row 04850
row 04851
row 04852
row 04853
row 04854
row 04855
row 04856
row 04857
row 04858
row 04859
row 04860
row 04861
row 04862
row 04863
row 04864
row 04865
row 04866
row 04867
row 04868
row 04869
row 04870
row 04871
row 04872
row 04873
row 04874
row 04875
row 04876
row 04877
row 04878
row 04879
row 04880
row 04881
row 04882
row 04883
row 04884
row 04885
row 04886
row 04887
row 04888
row 04889
row 04890
row 04891
row 04892
row 04893
row 04894
row 04895
row 04896
row 04897
row 04898
row 04899
row 04900
row 04901
row 04902
row 04903
row 04904
row 04905
row 04906
row 04907
row 04908
row 04909
row 04910
row 04911
row 04912
row 04913
row 04914
row 04915
row 04916
row 04917
row 04918
row 04919
row 04920
row 04921
row 04922
row 04923
row 04924
row 04925
row 04926
row 04927
row 04928
row 04929
row 04930
row 04931
row 04932
row 04933
row 04934
row 04935
row 04936
row 04937
row 04938
row 04939
row 04940
row 04941
row 04942
row 04943
row 04944
row 04945
row 04946
row 04947
row 04948
row 04949
row 04950
row 04951
row 04952
row 04953
row 04954
row 04955
row 04956
row 04957
row 04958
row 04959
row 04960
row 04961
row 04962
row 04963
row 04964
row 04965
row 04966
row 04967
row 04968
row 04969
row 04970
row 04971
row 04972
row 04973
row 04974
row 04975
row 04976
row 04977
row 04978
row 04979
row 04980
row 04981
row 04982
row 04983
row 04984
row 04985
row 04986
row 04987
row 04988
row 04989
row 04990
row 04991
row 04992
row 04993
row 04994
row 04995
row 04996
row 04997
row 04998
row 04999
row 05000
row 05001
row 05002
row 05003
row 05004
row 05005
row 05006
row 05007
row 05008
row 05009
row 05010
row 05011
row 05012
row 05013
row 05014
row 05015
row 05016
row 05017
row 05018
row 05019
row 05020
row 05021
row 05022
row 05023
row 05024
row 05025
row 05026
row 05027
row 05028
row 05029
row 05030
row 05031
row 05032
row 05033
row 05034
row 05035
row 05036
row 05037
row 05038
row 05039
row 05040
row 05041
row 05042
row 05043
row 05044
row 05045
row 05046
row 05047
row 05048
row 05049
row 05050
row 05051
row 05052
row 05053
row 05054
row 05055
row 05056
row 05057
row 05058
row 05059
row 05060
row 05061
row 05062
row 05063
row 05064
row 05065
row 05066
row 05067
row 05068
row 05069
row 05070
row 05071
row 05072
row 05073
row 05074
row 05075
row 05076
row 05077
row 05078
row 05079
row 05080
row 05081
row 05082
row 05083
row 05084
row 05085
row 05086
row 05087
row 05088
row 05089
row 05090
row 05091
row 05092
row 05093
row 05094
row 05095
row 05096
row 05097
row 05098
row 05099
row 05100
row 05101
row 05102
row 05103
row 05104
row 05105
row 05106
row 05107
row 05108
row 05109
row 05110
row 05111
row 05112
row 05113
row 05114
row 05115
row 05116
row 05117
row 05118
row 05119
row 05120
row 05121
row 05122
row 05123
row 05124
row 05125
row 05126
row 05127
row 05128
row 05129
row 05130
row 05131
row 05132
row 05133
row 05134
row 05135
row 05136
row 05137
row 05138
row 05139
row 05140
row 05141
row 05142
row 05143
row 05144
row 05145
row 05146
row 05147
row 05148
row 05149
row 05150
row 05151
row 05152
row 05153
row 05154
row 05155
row 05156
row 05157
row 05158
row 05159
row 05160
row 05161
row 05162
row 05163
row 05164
row 05165
row 05166
row 05167
row 05168
row 05169
row 05170
row 05171
row 05172
row 05173
row 05174
row 05175
row 05176
row 05177
row 05178
row 05179
row 05180
row 05181
row 05182
row 05183
row 05184
row 05185
row 05186
row 05187
row 05188
row 05189
row 05190
row 05191
row 05192
row 05193
row 05194
row 05195
row 05196
row 05197
row 05198
row 05199
row 05200
row 05201
row 05202
row 05203
row 05204
row 05205
row 05206
row 05207
row 05208
row 05209
row 05210
row 05211
row 05212
row 05213
row 05214
row 05215
row 05216
row 05217
row 05218
row 05219
row 05220
row 05221
row 05222
row 05223
row 05224
row 05225
row 05226
row 05227
row 05228
row 05229
row 05230
row 05231
row 05232
row 05233
row 05234
row 05235
row 05236
row 05237
row 05238
row 05239
row 05240
row 05241
row 05242
row 05243
row 05244
row 05245
row 05246
row 05247
row 05248
row 05249
row 05250
row 05251
row 05252
row 05253
row 05254
row 05255
row 05256
row 05257
row 05258
row 05259
row 05260
row 05261
row 05262
row 05263
row 05264
row 05265
row 05266
row 05267
row 05268
row 05269
row 05270
row 05271
row 05272
row 05273
row 05274
row 05275
row 05276
row 05277
row 05278
row 05279
row 05280
row 05281
row 05282
row 05283
row 05284
row 05285
row 05286
row 05287
row 05288
row 05289
row 05290
row 05291
row 05292
row 05293
row 05294
row 05295
row 05296
row 05297
row 05298
row 05299
row 05300
row 05301
row 05302
row 05303
row 05304
row 05305
row 05306
row 05307
row 05308
row 05309
row 05310
row 05311
row 05312
row 05313
row 05314
row 05315
row 05316
row 05317
row 05318
row 05319
row 05320
row 05321
row 05322
row 05323
row 05324
row 05325
row 05326
row 05327
row 05328
row 05329
row 05330
row 05331
row 05332
row 05333
row 05334
row 05335
row 05336
row 05337
row 05338
row 05339
row 05340
row 05341
row 05342
row 05343
row 05344
row 05345
row 05346
row 05347
row 05348
row 05349
row 05350
row 05351
row 05352
row 05353
row 05354
row 05355
row 05356
row 05357
row 05358
row 05359
row 05360
row 05361
row 05362
row 05363
row 05364
row 05365
row 05366
row 05367
row 05368
row 05369
row 05370
row 05371
row 05372
row 05373
row 05374
row 05375
row 05376
row 05377
row 05378
row 05379
row 05380
row 05381
row 05382
row 05383
row 05384
row 05385
row 05386
row 05387
row 05388
row 05389
row 05390
row 05391
row 05392
row 05393
row 05394
row 05395
row 05396
row 05397
row 05398
row 05399
row 05400
row 05401
row 05402
row 05403
row 05404
row 05405
row 05406
row 05407
row 05408
row 05409
row 05410
row 05411
row 05412
row 05413
row 05414
row 05415
row 05416
row 05417
row 05418
row 05419
row 05420
row 05421
row 05422
row 05423
row 05424
row 05425
row 05426
row 05427
row 05428
row 05429
row 05430
row 05431
row 05432
row 05433
row 05434
row 05435
row 05436
row 05437
row 05438
row 05439
row 05440
row 05441
row 05442
row 05443
row 05444
row 05445
row 05446
row 05447
row 05448
row 05449
row 05450
row 05451
row 05452
row 05453
row 05454
row 05455
row 05456
row 05457
row 05458
row 05459
row 05460
row 05461
row 05462
row 05463
row 05464
row 05465
row 05466
row 05467
row 05468
row 05469
row 05470
row 05471
row 05472
row 05473
row 05474
row 05475
row 05476
row 05477
row 05478
row 05479
row 05480
row 05481
row 05482
row 05483
row 05484
row 05485
row 05486
row 05487
row 05488
row 05489
row 05490
row 05491
row 05492
row 05493
row 05494
row 05495
row 05496
row 05497
row 05498
row 05499
row 05500
row 05501
row 05502
row 05503
row 05504
row 05505
row 05506
row 05507
row 05508
row 05509
row 05510
row 05511
row 05512
row 05513
row 05514
row 05515
row 05516
row 05517
row 05518
row 05519
row 05520
row 05521
row 05522
row 05523
row 05524
row 05525
row 05526
row 05527
row 05528
row 05529
row 05530
row 05531
row 05532
row 05533
row 05534
row 05535
row 05536
row 05537
row 05538
row 05539
row 05540
row 05541
row 05542
row 05543
row 05544
row 05545
row 05546
row 05547
row 05548
row 05549
row 05550
row 05551
row 05552
row 05553
row 05554
row 05555
row 05556
row 05557
row 05558
row 05559
row 05560
row 05561
row 05562
row 05563
row 05564
row 05565
row 05566
row 05567
row 05568
row 05569
row 05570
row 05571
row 05572
row 05573
row 05574
row 05575
row 05576
row 05577
row 05578
row 05579
row 05580
row 05581
row 05582
row 05583
row 05584
row 05585
row 05586
row 05587
row 05588
row 05589
row 05590
row 05591
row 05592
row 05593
row 05594
row 05595
row 05596
row 05597
row 05598
row 05599
row 05600
row 05601
row 05602
row 05603
row 05604
row 05605
row 05606
row 05607
row 05608
row 05609
row 05610
row 05611
row 05612
row 05613
row 05614
row 05615
row 05616
row 05617
row 05618
row 05619
row 05620
row 05621
row 05622
row 05623
row 05624
row 05625
row 05626
row 05627
row 05628
row 05629
row 05630
row 05631
row 05632
row 05633
row 05634
row 05635
row 05636
row 05637
row 05638
row 05639
row 05640
row 05641
row 05642
row 05643
row 05644
row 05645
row 05646
row 05647
row 05648
row 05649
row 05650
row 05651
row 05652
row 05653
row 05654
row 05655
row 05656
row 05657
row 05658
row 05659
row 05660
row 05661
row 05662
row 05663
row 05664
row 05665
row 05666
row 05667
row 05668
row 05669
row 05670
row 05671
row 05672
row 05673
row 05674
row 05675
row 05676
row 05677
row 05678
row 05679
row 05680
row 05681
row 05682
row 05683
row 05684
row 05685
row 05686
row 05687
row 05688
row 05689
row 05690
row 05691
row 05692
row 05693
row 05694
row 05695
row 05696
row 05697
row 05698
row 05699
row 05700
row 05701
row 05702
row 05703
row 05704
row 05705
row 05706
row 05707
row 05708
row 05709
row 05710
row 05711
row 05712
row 05713
row 05714
row 05715
row 05716
row 05717
row 05718
row 05719
row 05720
row 05721
row 05722
row 05723
row 05724
row 05725
row 05726
row 05727
row 05728
row 05729
row 05730
row 05731
row 05732
row 05733
row 05734
row 05735
row 05736
row 05737
row 05738
row 05739
row 05740
row 05741
row 05742
row 05743
row 05744
row 05745
row 05746
row 05747
row 05748
row 05749
row 05750
row 05751
row 05752
row 05753
row 05754
row 05755
row 05756
row 05757
row 05758
row 05759
row 05760
row 05761
row 05762
row 05763
row 05764
row 05765
row 05766
row 05767
row 05768
row 05769
row 05770
row 05771
row 05772
row 05773
row 05774
row 05775
row 05776
row 05777
row 05778
row 05779
row 05780
row 05781
row 05782
row 05783
row 05784
row 05785
row 05786
row 05787
row 05788
row 05789
row 05790
row 05791
row 05792
row 05793
row 05794
row 05795
row 05796
row 05797
row 05798
row 05799
row 05800
row 05801
row 05802
row 05803
row 05804
row 05805
row 05806
row 05807
row 05808
row 05809
row 05810
row 05811
row 05812
row 05813
row 05814
row 05815
row 05816
row 05817
row 05818
row 05819
row 05820
row 05821
row 05822
row 05823
row 05824
row 05825
row 05826
row 05827
row 05828
row 05829
row 05830
row 05831
row 05832
row 05833
row 05834
row 05835
row 05836
row 05837
row 05838
row 05839
row 05840
row 05841
row 05842
row 05843
row 05844
row 05845
row 05846
row 05847
row 05848
row 05849
row 05850
row 05851
row 05852
row 05853
row 05854
row 05855
row 05856
row 05857
row 05858
row 05859
row 05860
row 05861
row 05862
row 05863
row 05864
row 05865
row 05866
row 05867
row 05868
row 05869
row 05870
row 05871
row 05872
row 05873
row 05874
row 05875
row 05876
row 05877
row 05878
row 05879
row 05880
row 05881
row 05882
row 05883
row 05884
row 05885
row 05886
row 05887
row 05888
row 05889
row 05890
row 05891
row 05892
row 05893
row 05894
row 05895
row 05896
row 05897
row 05898
row 05899
row 05900
row 05901
row 05902
row 05903
row 05904
row 05905
row 05906
row 05907
row 05908
row 05909
row 05910
row 05911
row 05912
row 05913
row 05914
row 05915
row 05916
row 05917
row 05918
row 05919
row 05920
row 05921
row 05922
row 05923
row 05924
row 05925
row 05926
row 05927
row 05928
row 05929
row 05930
row 05931
row 05932
row 05933
row 05934
row 05935
row 05936
row 05937
row 05938
row 05939
row 05940
row 05941
row 05942
row 05943
row 05944
row 05945
row 05946
row 05947
row 05948
row 05949
row 05950
row 05951
row 05952
row 05953
row 05954
row 05955
row 05956
row 05957
row 05958
row 05959
row 05960
row 05961
row 05962
row 05963
row 05964
row 05965
row 05966
row 05967
row 05968
row 05969
row 05970
row 05971
row 05972
row 05973
row 05974
row 05975
row 05976
row 05977
row 05978
row 05979
row 05980
row 05981
row 05982
row 05983
row 05984
row 05985
row 05986
row 05987
row 05988
row 05989
row 05990
row 05991
row 05992
row 05993
row 05994
row 05995
row 05996
row 05997
row 05998
row 05999
row 06000
row 06001
row 06002
row 06003
row 06004
row 06005
row 06006
row 06007
row 06008
row 06009
row 06010
row 06011
row 06012
row 06013
row 06014
row 06015
row 06016
row 06017
row 06018
row 06019
row 06020
row 06021
row 06022
row 06023
row 06024
row 06025
row 06026
row 06027
row 06028
row 06029
row 06030
row 06031
row 06032
row 06033
row 06034
row 06035
row 06036
row 06037
row 06038
row 06039
row 06040
row 06041
row 06042
row 06043
row 06044
row 06045
row 06046
row 06047
row 06048
row 06049
row 06050
row 06051
row 06052
row 06053
row 06054
row 06055
row 06056
row 06057
row 06058
row 06059
row 06060
row 06061
row 06062
row 06063
row 06064
row 06065
row 06066
row 06067
row 06068
row 06069
row 06070
row 06071
row 06072
row 06073
row 06074
row 06075
row 06076
row 06077
row 06078
row 06079
row 06080
row 06081
row 06082
row 06083
row 06084
row 06085
row 06086
row 06087
row 06088
row 06089
row 06090
row 06091
row 06092
row 06093
row 06094
row 06095
row 06096
row 06097
row 06098
row 06099
row 06100
row 06101
row 06102
row 06103
row 06104
row 06105
row 06106
row 06107
row 06108
row 06109
row 06110
row 06111
row 06112
row 06113
row 06114
row 06115
row 06116
row 06117
row 06118
row 06119
row 06120
row 06121
row 06122
row 06123
row 06124
row 06125
row 06126
row 06127
row 06128
row 06129
row 06130
row 06131
row 06132
row 06133
row 06134
row 06135
row 06136
row 06137
row 06138
row 06139
row 06140
row 06141
row 06142
row 06143
row 06144
row 06145
row 06146
row 06147
row 06148
row 06149
row 06150
row 06151
row 06152
row 06153
row 06154
row 06155
row 06156
row 06157
row 06158
row 06159
row 06160
row 06161
row 06162
row 06163
row 06164
row 06165
row 06166
row 06167
row 06168
row 06169
row 06170
row 06171
row 06172
row 06173
row 06174
row 06175
row 06176
row 06177
row 06178
row 06179
row 06180
row 06181
row 06182
row 06183
row 06184
row 06185
row 06186
row 06187
row 06188
row 06189
row 06190
row 06191
row 06192
row 06193
row 06194
row 06195
row 06196
row 06197
row 06198
row 06199
row 06200
row 06201
row 06202
row 06203
row 06204
row 06205
row 06206
row 06207
row 06208
row 06209
row 06210
row 06211
row 06212
row 06213
row 06214
row 06215
row 06216
row 06217
row 06218
row 06219
row 06220
row 06221
row 06222
row 06223
row 06224
row 06225
row 06226
row 06227
row 06228
row 06229
row 06230
row 06231
row 06232
row 06233
row 06234
row 06235
row 06236
row 06237
row 06238
row 06239
row 06240
row 06241
row 06242
row 06243
row 06244
row 06245
row 06246
row 06247
row 06248
row 06249
row 06250
row 06251
row 06252
row 06253
row 06254
row 06255
row 06256
row 06257
row 06258
row 06259
row 06260
row 06261
row 06262
row 06263
row 06264
row 06265
row 06266
row 06267
row 06268
row 06269
row 06270
row 06271
row 06272
row 06273
row 06274
row 06275
row 06276
row 06277
row 06278
row 06279
row 06280
row 06281
row 06282
row 06283
row 06284
row 06285
row 06286
row 06287
row 06288
row 06289
row 06290
row 06291
row 06292
row 06293
row 06294
row 06295
row 06296
row 06297
row 06298
row 06299
row 06300
row 06301
row 06302
row 06303
row 06304
row 06305
row 06306
row 06307
row 06308
row 06309
row 06310
row 06311
row 06312
row 06313
row 06314
row 06315
row 06316
row 06317
row 06318
row 06319
row 06320
row 06321
row 06322
row 06323
row 06324
row 06325
row 06326
row 06327
row 06328
row 06329
row 06330
row 06331
row 06332
row 06333
row 06334
row 06335
row 06336
row 06337
row 06338
row 06339
row 06340
row 06341
row 06342
row 06343
row 06344
row 06345
row 06346
row 06347
row 06348
row 06349
row 06350
row 06351
row 06352
row 06353
row 06354
row 06355
row 06356
row 06357
row 06358
row 06359
row 06360
row 06361
row 06362
row 06363
row 06364
row 06365
row 06366
row 06367
row 06368
row 06369
row 06370
row 06371
row 06372
row 06373
row 06374
row 06375
row 06376
row 06377
row 06378
row 06379
row 06380
row 06381
row 06382
row 06383
row 06384
row 06385
row 06386
row 06387
row 06388
row 06389
row 06390
row 06391
row 06392
row 06393
row 06394
row 06395
row 06396
row 06397
row 06398
row 06399
row 06400
row 06401
row 06402
row 06403
row 06404
row 06405
row 06406
row 06407
row 06408
row 06409
row 06410
row 06411
row 06412
row 06413
row 06414
row 06415
row 06416
row 06417
row 06418
row 06419
row 06420
row 06421
row 06422
row 06423
row 06424
row 06425
row 06426
row 06427
row 06428
row 06429
row 06430
row 06431
row 06432
row 06433
row 06434
row 06435
row 06436
row 06437
row 06438
row 06439
row 06440
row 06441
row 06442
row 06443
row 06444
row 06445
row 06446
row 06447
row 06448
row 06449
row 06450
row 06451
row 06452
row 06453
row 06454
row 06455
row 06456
row 06457
row 06458
row 06459
row 06460
row 06461
row 06462
row 06463
row 06464
row 06465
row 06466
row 06467
row 06468
row 06469
row 06470
row 06471
row 06472
row 06473
row 06474
row 06475
row 06476
row 06477
row 06478
row 06479
row 06480
row 06481
row 06482
row 06483
row 06484
row 06485
row 06486
row 06487
row 06488
row 06489
row 06490
row 06491
row 06492
row 06493
row 06494
row 06495
row 06496
row 06497
row 06498
row 06499
row 06500
row 06501
row 06502
row 06503
row 06504
row 06505
row 06506
row 06507
row 06508
row 06509
row 06510
row 06511
row 06512
row 06513
row 06514
row 06515
row 06516
row 06517
row 06518
row 06519
row 06520
row 06521
row 06522
row 06523
row 06524
row 06525
row 06526
row 06527
row 06528
row 06529
row 06530
row 06531
row 06532
row 06533
row 06534
row 06535
row 06536
row 06537
row 06538
row 06539
row 06540
row 06541
row 06542
row 06543
row 06544
row 06545
row 06546
row 06547
row 06548
row 06549
row 06550
row 06551
row 06552
row 06553
row 06554
row 06555
row 06556
row 06557
row 06558
row 06559
row 06560
row 06561
row 06562
row 06563
row 06564
row 06565
row 06566
row 06567
row 06568
row 06569
row 06570
row 06571
row 06572
row 06573
row 06574
row 06575
row 06576
row 06577
row 06578
row 06579
row 06580
row 06581
row 06582
row 06583
row 06584
row 06585
row 06586
row 06587
row 06588
row 06589
row 06590
row 06591
row 06592
row 06593
row 06594
row 06595
row 06596
row 06597
row 06598
row 06599
row 06600
row 06601
row 06602
row 06603
row 06604
row 06605
row 06606
row 06607
row 06608
row 06609
row 06610
row 06611
row 06612
row 06613
row 06614
row 06615
row 06616
row 06617
row 06618
row 06619
row 06620
row 06621
row 06622
row 06623
row 06624
row 06625
row 06626
row 06627
row 06628
row 06629
row 06630
row 06631
row 06632
row 06633
row 06634
row 06635
row 06636
row 06637
row 06638
row 06639
row 06640
row 06641
row 06642
row 06643
row 06644
row 06645
row 06646
row 06647
row 06648
row 06649
row 06650
row 06651
row 06652
row 06653
row 06654
row 06655
row 06656
row 06657
row 06658
row 06659
row 06660
row 06661
row 06662
row 06663
row 06664
row 06665
row 06666
row 06667
row 06668
row 06669
row 06670
row 06671
row 06672
row 06673
row 06674
row 06675
row 06676
row 06677
row 06678
row 06679
row 06680
row 06681
row 06682
row 06683
row 06684
row 06685
row 06686
row 06687
row 06688
row 06689
row 06690
row 06691
row 06692
row 06693
row 06694
row 06695
row 06696
row 06697
row 06698
row 06699
row 06700
row 06701
row 06702
row 06703
row 06704
row 06705
row 06706
row 06707
row 06708
row 06709
row 06710
row 06711
row 06712
row 06713
row 06714
row 06715
row 06716
row 06717
row 06718
row 06719
row 06720
row 06721
row 06722
row 06723
row 06724
row 06725
row 06726
row 06727
row 06728
row 06729
row 06730
row 06731
row 06732
row 06733
row 06734
row 06735
row 06736
row 06737
row 06738
row 06739
row 06740
row 06741
row 06742
row 06743
row 06744
row 06745
row 06746
row 06747
row 06748
row 06749
row 06750
row 06751
row 06752
row 06753
row 06754
row 06755
row 06756
row 06757
row 06758
row 06759
row 06760
row 06761
row 06762
row 06763
row 06764
row 06765
row 06766
row 06767
row 06768
row 06769
row 06770
row 06771
row 06772
row 06773
row 06774
row 06775
row 06776
row 06777
row 06778
row 06779
row 06780
row 06781
row 06782
row 06783
row 06784
row 06785
row 06786
row 06787
row 06788
row 06789
row 06790
row 06791
row 06792
row 06793
row 06794
row 06795
row 06796
row 06797
row 06798
row 06799
row 06800
row 06801
row 06802
row 06803
row 06804
row 06805
row 06806
row 06807
row 06808
row 06809
row 06810
row 06811
row 06812
row 06813
row 06814
row 06815
row 06816
row 06817
row 06818
row 06819
row 06820
row 06821
row 06822
row 06823
row 06824
row 06825
row 06826
row 06827
row 06828
row 06829
row 06830
row 06831
row 06832
row 06833
row 06834
row 06835
row 06836
row 06837
row 06838
row 06839
row 06840
row 06841
row 06842
row 06843
row 06844
row 06845
row 06846
row 06847
row 06848
row 06849
row 06850
row 06851
row 06852
row 06853
row 06854
row 06855
row 06856
row 06857
row 06858
row 06859
row 06860
row 06861
row 06862
row 06863
row 06864
row 06865
row 06866
row 06867
row 06868
row 06869
row 06870
row 06871
row 06872
row 06873
row 06874
row 06875
row 06876
row 06877
row 06878
row 06879
row 06880
row 06881
row 06882
row 06883
row 06884
row 06885
row 06886
row 06887
row 06888
row 06889
row 06890
row 06891
row 06892
row 06893
row 06894
row 06895
row 06896
row 06897
row 06898
row 06899
row 06900
row 06901
row 06902
row 06903
row 06904
row 06905
row 06906
row 06907
row 06908
row 06909
row 06910
row 06911
row 06912
row 06913
row 06914
row 06915
row 06916
row 06917
row 06918
row 06919
row 06920
row 06921
row 06922
row 06923
row 06924
row 06925
row 06926
row 06927
row 06928
row 06929
row 06930
row 06931
row 06932
row 06933
row 06934
row 06935
row 06936
row 06937
row 06938
row 06939
row 06940
row 06941
row 06942
row 06943
row 06944
row 06945
row 06946
row 06947
row 06948
row 06949
row 06950
row 06951
row 06952
row 06953
row 06954
row 06955
row 06956
row 06957
row 06958
row 06959
row 06960
row 06961
row 06962
row 06963
row 06964
row 06965
row 06966
row 06967
row 06968
row 06969
row 06970
row 06971
row 06972
row 06973
row 06974
row 06975
row 06976
row 06977
row 06978
row 06979
row 06980
row 06981
row 06982
row 06983
row 06984
row 06985
row 06986
row 06987
row 06988
row 06989
row 06990
row 06991
row 06992
row 06993
row 06994
row 06995
row 06996
row 06997
row 06998
row 06999
row 07000
row 07001
row 07002
row 07003
row 07004
row 07005
row 07006
row 07007
row 07008
row 07009
row 07010
row 07011
row 07012
row 07013
row 07014
row 07015
row 07016
row 07017
row 07018
row 07019
row 07020
row 07021
row 07022
row 07023
row 07024
row 07025
row 07026
row 07027
row 07028
row 07029
row 07030
row 07031
row 07032
row 07033
row 07034
row 07035
row 07036
row 07037
row 07038
row 07039
row 07040
row 07041
row 07042
row 07043
row 07044
row 07045
row 07046
row 07047
row 07048
row 07049
row 07050
row 07051
row 07052
row 07053
row 07054
row 07055
row 07056
row 07057
row 07058
row 07059
row 07060
row 07061
row 07062
row 07063
row 07064
row 07065
row 07066
row 07067
row 07068
row 07069
row 07070
row 07071
row 07072
row 07073
row 07074
row 07075
row 07076
row 07077
row 07078
row 07079
row 07080
row 07081
row 07082
row 07083
row 07084
row 07085
row 07086
row 07087
row 07088
row 07089
row 07090
row 07091
row 07092
row 07093
row 07094
row 07095
row 07096
row 07097
row 07098
row 07099
row 07100
row 07101
row 07102
row 07103
row 07104
row 07105
row 07106
row 07107
row 07108
row 07109
row 07110
row 07111
row 07112
row 07113
row 07114
row 07115
row 07116
row 07117
row 07118
row 07119
row 07120
row 07121
row 07122
row 07123
row 07124
row 07125
row 07126
row 07127
row 07128
row 07129
row 07130
row 07131
row 07132
row 07133
row 07134
row 07135
row 07136
row 07137
row 07138
row 07139
row 07140
row 07141
row 07142
row 07143
row 07144
row 07145
row 07146
row 07147
row 07148
row 07149
row 07150
row 07151
row 07152
row 07153
row 07154
row 07155
row 07156
row 07157
row 07158
row 07159
row 07160
row 07161
row 07162
row 07163
row 07164
row 07165
row 07166
row 07167
row 07168
row 07169
row 07170
row 07171
row 07172
row 07173
row 07174
row 07175
row 07176
row 07177
row 07178
row 07179
row 07180
row 07181
row 07182
row 07183
row 07184
row 07185
row 07186
row 07187
row 07188
row 07189
row 07190
row 07191
row 07192
row 07193
row 07194
row 07195
row 07196
row 07197
row 07198
row 07199
row 07200
row 07201
row 07202
row 07203
row 07204
row 07205
row 07206
row 07207
row 07208
row 07209
row 07210
row 07211
row 07212
row 07213
row 07214
row 07215
row 07216
row 07217
row 07218
row 07219
row 07220
row 07221
row 07222
row 07223
row 07224
row 07225
row 07226
row 07227
row 07228
row 07229
row 07230
row 07231
row 07232
row 07233
row 07234
row 07235
row 07236
row 07237
row 07238
row 07239
row 07240
row 07241
row 07242
row 07243
row 07244
row 07245
row 07246
row 07247
row 07248
row 07249
row 07250
row 07251
row 07252
row 07253
row 07254
row 07255
row 07256
row 07257
row 07258
row 07259
row 07260
row 07261
row 07262
row 07263
row 07264
row 07265
row 07266
row 07267
row 07268
row 07269
row 07270
row 07271
row 07272
row 07273
row 07274
row 07275
row 07276
row 07277
row 07278
row 07279
row 07280
row 07281
row 07282
row 07283
row 07284
row 07285
row 07286
row 07287
row 07288
row 07289
row 07290
row 07291
row 07292
row 07293
row 07294
row 07295
row 07296
row 07297
row 07298
row 07299
row 07300
row 07301
row 07302
row 07303
row 07304
row 07305
row 07306
row 07307
row 07308
row 07309
row 07310
row 07311
row 07312
row 07313
row 07314
row 07315
row 07316
row 07317
row 07318
row 07319
row 07320
row 07321
row 07322
row 07323
row 07324
row 07325
row 07326
row 07327
row 07328
row 07329
row 07330
row 07331
row 07332
row 07333
row 07334
row 07335
row 07336
row 07337
row 07338
row 07339
row 07340
row 07341
row 07342
row 07343
row 07344
row 07345
row 07346
row 07347
row 07348
row 07349
row 07350
row 07351
row 07352
row 07353
row 07354
row 07355
row 07356
row 07357
row 07358
row 07359
row 07360
row 07361
row 07362
row 07363
row 07364
row 07365
row 07366
row 07367
row 07368
row 07369
row 07370
row 07371
row 07372
row 07373
row 07374
row 07375
row 07376
row 07377
row 07378
row 07379
row 07380
row 07381
row 07382
row 07383
row 07384
row 07385
row 07386
row 07387
row 07388
row 07389
row 07390
row 07391
row 07392
row 07393
row 07394
row 07395
row 07396
row 07397
row 07398
row 07399
row 07400
row 07401
row 07402
row 07403
row 07404
row 07405
row 07406
row 07407
row 07408
row 07409
row 07410
row 07411
row 07412
row 07413
row 07414
row 07415
row 07416
row 07417
row 07418
row 07419
row 07420
row 07421
row 07422
row 07423
row 07424
row 07425
row 07426
row 07427
row 07428
row 07429
row 07430
row 07431
row 07432
row 07433
row 07434
row 07435
row 07436
row 07437
row 07438
row 07439
row 07440
row 07441
row 07442
row 07443
row 07444
row 07445
row 07446
row 07447
row 07448
row 07449
row 07450
row 07451
row 07452
row 07453
row 07454
row 07455
row 07456
row 07457
row 07458
row 07459
row 07460
row 07461
row 07462
row 07463
row 07464
row 07465
row 07466
row 07467
row 07468
row 07469
row 07470
row 07471
row 07472
row 07473
row 07474
row 07475
row 07476
row 07477
row 07478
row 07479
row 07480
row 07481
row 07482
row 07483
row 07484
row 07485
row 07486
row 07487
row 07488
row 07489
row 07490
row 07491
row 07492
row 07493
row 07494
row 07495
row 07496
row 07497
row 07498
row 07499
row 07500
row 07501
row 07502
row 07503
row 07504
row 07505
row 07506
row 07507
row 07508
row 07509
row 07510
row 07511
row 07512
row 07513
row 07514
row 07515
row 07516
row 07517
row 07518
row 07519
row 07520
row 07521
row 07522
row 07523
row 07524
row 07525
row 07526
row 07527
row 07528
row 07529
row 07530
row 07531
row 07532
row 07533
row 07534
row 07535
row 07536
row 07537
row 07538
row 07539
row 07540
row 07541
row 07542
row 07543
row 07544
row 07545
row 07546
row 07547
row 07548
row 07549
row 07550
row 07551
row 07552
row 07553
row 07554
row 07555
row 07556
row 07557
row 07558
row 07559
row 07560
row 07561
row 07562
row 07563
row 07564
row 07565
row 07566
row 07567
row 07568
row 07569
row 07570
row 07571
row 07572
row 07573
row 07574
row 07575
row 07576
row 07577
row 07578
row 07579
row 07580
row 07581
row 07582
row 07583
row 07584
row 07585
row 07586
row 07587
row 07588
row 07589
row 07590
row 07591
row 07592
row 07593
row 07594
row 07595
row 07596
row 07597
row 07598
row 07599
row 07600
row 07601
row 07602
row 07603
row 07604
row 07605
row 07606
row 07607
row 07608
row 07609
row 07610
row 07611
row 07612
row 07613
row 07614
row 07615
row 07616
row 07617
row 07618
row 07619
row 07620
row 07621
row 07622
row 07623
row 07624
row 07625
row 07626
row 07627
row 07628
row 07629
row 07630
row 07631
row 07632
row 07633
row 07634
row 07635
row 07636
row 07637
row 07638
row 07639
row 07640
row 07641
row 07642
row 07643
row 07644
row 07645
row 07646
row 07647
row 07648
row 07649
row 07650
row 07651
row 07652
row 07653
row 07654
row 07655
row 07656
row 07657
row 07658
row 07659
row 07660
row 07661
row 07662
row 07663
row 07664
row 07665
row 07666
row 07667
row 07668
row 07669
row 07670
row 07671
row 07672
row 07673
row 07674
row 07675
row 07676
row 07677
row 07678
row 07679
row 07680
row 07681
row 07682
row 07683
row 07684
row 07685
row 07686
row 07687
row 07688
row 07689
row 07690
row 07691
row 07692
row 07693
row 07694
row 07695
row 07696
row 07697
row 07698
row 07699
row 07700
row 07701
row 07702
row 07703
row 07704
row 07705
row 07706
row 07707
row 07708
row 07709
row 07710
row 07711
row 07712
row 07713
row 07714
row 07715
row 07716
row 07717
row 07718
row 07719
row 07720
row 07721
row 07722
row 07723
row 07724
row 07725
row 07726
row 07727
row 07728
row 07729
row 07730
row 07731
row 07732
row 07733
row 07734
row 07735
row 07736
row 07737
row 07738
row 07739
row 07740
row 07741
row 07742
row 07743
row 07744
row 07745
row 07746
row 07747
row 07748
row 07749
row 07750
row 07751
row 07752
row 07753
row 07754
row 07755
row 07756
row 07757
row 07758
row 07759
row 07760
row 07761
row 07762
row 07763
row 07764
row 07765
row 07766
row 07767
row 07768
row 07769
row 07770
row 07771
row 07772
row 07773
row 07774
row 07775
row 07776
row 07777
row 07778
row 07779
row 07780
row 07781
row 07782
row 07783
row 07784
row 07785
row 07786
row 07787
row 07788
row 07789
row 07790
row 07791
row 07792
row 07793
row 07794
row 07795
row 07796
row 07797
row 07798
row 07799
row 07800
row 07801
row 07802
row 07803
row 07804
row 07805
row 07806
row 07807
row 07808
row 07809
row 07810
row 07811
row 07812
row 07813
row 07814
row 07815
row 07816
row 07817
row 07818
row 07819
row 07820
row 07821
row 07822
row 07823
row 07824
row 07825
row 07826
row 07827
row 07828
row 07829
row 07830
row 07831
row 07832
row 07833
row 07834
row 07835
row 07836
row 07837
row 07838
row 07839
row 07840
row 07841
row 07842
row 07843
row 07844
row 07845
row 07846
row 07847
row 07848
row 07849
row 07850
row 07851
row 07852
row 07853
row 07854
row 07855
row 07856
row 07857
row 07858
row 07859
row 07860
row 07861
row 07862
row 07863
row 07864
row 07865
row 07866
row 07867
row 07868
row 07869
row 07870
row 07871
row 07872
row 07873
row 07874
row 07875
row 07876
row 07877
row 07878
row 07879
row 07880
row 07881
row 07882
row 07883
row 07884
row 07885
row 07886
row 07887
row 07888
row 07889
row 07890
row 07891
row 07892
row 07893
row 07894
row 07895
row 07896
row 07897
row 07898
row 07899
row 07900
row 07901
row 07902
row 07903
row 07904
row 07905
row 07906
row 07907
row 07908
row 07909
row 07910
row 07911
row 07912
row 07913
row 07914
row 07915
row 07916
row 07917
row 07918
row 07919
row 07920
row 07921
row 07922
row 07923
row 07924
row 07925
row 07926
row 07927
row 07928
row 07929
row 07930
row 07931
row 07932
row 07933
row 07934
row 07935
row 07936
row 07937
row 07938
row 07939
row 07940
row 07941
row 07942
row 07943
row 07944
row 07945
row 07946
row 07947
row 07948
row 07949
row 07950
row 07951
row 07952
row 07953
row 07954
row 07955
row 07956
row 07957
row 07958
row 07959
row 07960
row 07961
row 07962
row 07963
row 07964
row 07965
row 07966
row 07967
row 07968
row 07969
row 07970
row 07971
row 07972
row 07973
row 07974
row 07975
row 07976
row 07977
row 07978
row 07979
row 07980
row 07981
row 07982
row 07983
row 07984
row 07985
row 07986
row 07987
row 07988
row 07989
row 07990
row 07991
row 07992
row 07993
row 07994
row 07995
row 07996
row 07997
row 07998
row 07999
row 08000
row 08001
row 08002
row 08003
row 08004
row 08005
row 08006
row 08007
row 08008
row 08009
row 08010
row 08011
row 08012
row 08013
row 08014
row 08015
row 08016
row 08017
row 08018
row 08019
row 08020
row 08021
row 08022
row 08023
row 08024
row 08025
row 08026
row 08027
row 08028
row 08029
row 08030
row 08031
row 08032
row 08033
row 08034
row 08035
row 08036
row 08037
row 08038
row 08039
row 08040
row 08041
row 08042
row 08043
row 08044
row 08045
row 08046
row 08047
row 08048
row 08049
row 08050
row 08051
row 08052
row 08053
row 08054
row 08055
row 08056
row 08057
row 08058
row 08059
row 08060
row 08061
row 08062
row 08063
row 08064
row 08065
row 08066
row 08067
row 08068
row 08069
row 08070
row 08071
row 08072
row 08073
row 08074
row 08075
row 08076
row 08077
row 08078
row 08079
row 08080
row 08081
row 08082
row 08083
row 08084
row 08085
row 08086
row 08087
row 08088
row 08089
row 08090
row 08091
row 08092
row 08093
row 08094
row 08095
row 08096
row 08097
row 08098
row 08099
row 08100
row 08101
row 08102
row 08103
row 08104
row 08105
row 08106
row 08107
row 08108
row 08109
row 08110
row 08111
row 08112
row 08113
row 08114
row 08115
row 08116
row 08117
row 08118
row 08119
row 08120
row 08121
row 08122
row 08123
row 08124
row 08125
row 08126
row 08127
row 08128
row 08129
row 08130
row 08131
row 08132
row 08133
row 08134
row 08135
row 08136
row 08137
row 08138
row 08139
row 08140
row 08141
row 08142
row 08143
row 08144
row 08145
row 08146
row 08147
row 08148
row 08149
row 08150
row 08151
row 08152
row 08153
row 08154
row 08155
row 08156
row 08157
row 08158
row 08159
row 08160
row 08161
row 08162
row 08163
row 08164
row 08165
row 08166
row 08167
row 08168
row 08169
row 08170
row 08171
row 08172
row 08173
row 08174
row 08175
row 08176
row 08177
row 08178
row 08179
row 08180
row 08181
row 08182
row 08183
row 08184
row 08185
row 08186
row 08187
row 08188
row 08189
row 08190
row 08191
row 08192
row 08193
row 08194
row 08195
row 08196
row 08197
row 08198
row 08199
row 08200
row 08201
row 08202
row 08203
row 08204
row 08205
row 08206
row 08207
row 08208
row 08209
row 08210
row 08211
row 08212
row 08213
row 08214
row 08215
row 08216
row 08217
row 08218
row 08219
row 08220
row 08221
row 08222
row 08223
row 08224
row 08225
row 08226
row 08227
row 08228
row 08229
row 08230
row 08231
row 08232
row 08233
row 08234
row 08235
row 08236
row 08237
row 08238
row 08239
row 08240
row 08241
row 08242
row 08243
row 08244
row 08245
row 08246
row 08247
row 08248
row 08249
row 08250
row 08251
row 08252
row 08253
row 08254
row 08255
row 08256
row 08257
row 08258
row 08259
row 08260
row 08261
row 08262
row 08263
row 08264
row 08265
row 08266
row 08267
row 08268
row 08269
row 08270
row 08271
row 08272
row 08273
row 08274
row 08275
row 08276
row 08277
row 08278
row 08279
row 08280
row 08281
row 08282
row 08283
row 08284
row 08285
row 08286
row 08287
row 08288
row 08289
row 08290
row 08291
row 08292
row 08293
row 08294
row 08295
row 08296
row 08297
row 08298
row 08299
row 08300
row 08301
row 08302
row 08303
row 08304
row 08305
row 08306
row 08307
row 08308
row 08309
row 08310
row 08311
row 08312
row 08313
row 08314
row 08315
row 08316
row 08317
row 08318
row 08319
row 08320
row 08321
row 08322
row 08323
row 08324
row 08325
row 08326
row 08327
row 08328
row 08329
row 08330
row 08331
row 08332
row 08333
row 08334
row 08335
row 08336
row 08337
row 08338
row 08339
row 08340
row 08341
row 08342
row 08343
row 08344
row 08345
row 08346
row 08347
row 08348
row 08349
row 08350
row 08351
row 08352
row 08353
row 08354
row 08355
row 08356
row 08357
row 08358
row 08359
row 08360
row 08361
row 08362
row 08363
row 08364
row 08365
row 08366
row 08367
row 08368
row 08369
row 08370
row 08371
row 08372
row 08373
row 08374
row 08375
row 08376
row 08377
row 08378
row 08379
row 08380
row 08381
row 08382
row 08383
row 08384
row 08385
row 08386
row 08387
row 08388
row 08389
row 08390
row 08391
row 08392
row 08393
row 08394
row 08395
row 08396
row 08397
row 08398
row 08399
row 08400
row 08401
row 08402
row 08403
row 08404
row 08405
row 08406
row 08407
row 08408
row 08409
row 08410
row 08411
row 08412
row 08413
row 08414
row 08415
row 08416
row 08417
row 08418
row 08419
row 08420
row 08421
row 08422
row 08423
row 08424
row 08425
row 08426
row 08427
row 08428
row 08429
row 08430
row 08431
row 08432
row 08433
row 08434
row 08435
row 08436
row 08437
row 08438
row 08439
row 08440
row 08441
row 08442
row 08443
row 08444
row 08445
row 08446
row 08447
row 08448
row 08449
row 08450
row 08451
row 08452
row 08453
row 08454
row 08455
row 08456
row 08457
row 08458
row 08459
row 08460
row 08461
row 08462
row 08463
row 08464
row 08465
row 08466
row 08467
row 08468
row 08469
row 08470
row 08471
row 08472
row 08473
row 08474
row 08475
row 08476
row 08477
row 08478
row 08479
row 08480
row 08481
row 08482
row 08483
row 08484
row 08485
row 08486
row 08487
row 08488
row 08489
row 08490
row 08491
row 08492
row 08493
row 08494
row 08495
row 08496
row 08497
row 08498
row 08499
row 08500
row 08501
row 08502
row 08503
row 08504
row 08505
row 08506
row 08507
row 08508
row 08509
row 08510
row 08511
row 08512
row 08513
row 08514
row 08515
row 08516
row 08517
row 08518
row 08519
row 08520
row 08521
row 08522
row 08523
row 08524
row 08525
row 08526
row 08527
row 08528
row 08529
row 08530
row 08531
row 08532
row 08533
row 08534
row 08535
row 08536
row 08537
row 08538
row 08539
row 08540
row 08541
row 08542
row 08543
row 08544
row 08545
row 08546
row 08547
row 08548
row 08549
row 08550
row 08551
row 08552
row 08553
row 08554
row 08555
row 08556
row 08557
row 08558
row 08559
row 08560
row 08561
row 08562
row 08563
row 08564
row 08565
row 08566
row 08567
row 08568
row 08569
row 08570
row 08571
row 08572
row 08573
row 08574
row 08575
row 08576
row 08577
row 08578
row 08579
row 08580
row 08581
row 08582
row 08583
row 08584
row 08585
row 08586
row 08587
row 08588
row 08589
row 08590
row 08591
row 08592
row 08593
row 08594
row 08595
row 08596
row 08597
row 08598
row 08599
row 08600
row 08601
row 08602
row 08603
row 08604
row 08605
row 08606
row 08607
row 08608
row 08609
row 08610
row 08611
row 08612
row 08613
row 08614
row 08615
row 08616
row 08617
row 08618
row 08619
row 08620
row 08621
row 08622
row 08623
row 08624
row 08625
row 08626
row 08627
row 08628
row 08629
row 08630
row 08631
row 08632
row 08633
row 08634
row 08635
row 08636
row 08637
row 08638
row 08639
row 08640
row 08641
row 08642
row 08643
row 08644
row 08645
row 08646
row 08647
row 08648
row 08649
row 08650
row 08651
row 08652
row 08653
row 08654
row 08655
row 08656
row 08657
row 08658
row 08659
row 08660
row 08661
row 08662
row 08663
row 08664
row 08665
row 08666
row 08667
row 08668
row 08669
row 08670
row 08671
row 08672
row 08673
row 08674
row 08675
row 08676
row 08677
row 08678
row 08679
row 08680
row 08681
row 08682
row 08683
row 08684
row 08685
row 08686
row 08687
row 08688
row 08689
row 08690
row 08691
row 08692
row 08693
row 08694
row 08695
row 08696
row 08697
row 08698
row 08699
row 08700
row 08701
row 08702
row 08703
row 08704
row 08705
row 08706
row 08707
row 08708
row 08709
row 08710
row 08711
row 08712
row 08713
row 08714
row 08715
row 08716
row 08717
row 08718
row 08719
row 08720
row 08721
row 08722
row 08723
row 08724
row 08725
row 08726
row 08727
row 08728
row 08729
row 08730
row 08731
row 08732
row 08733
row 08734
row 08735
row 08736
row 08737
row 08738
row 08739
row 08740
row 08741
row 08742
row 08743
row 08744
row 08745
row 08746
row 08747
row 08748
row 08749
row 08750
row 08751
row 08752
row 08753
row 08754
row 08755
row 08756
row 08757
row 08758
row 08759
row 08760
row 08761
row 08762
row 08763
row 08764
row 08765
row 08766
row 08767
row 08768
row 08769
row 08770
row 08771
row 08772
row 08773
row 08774
row 08775
row 08776
row 08777
row 08778
row 08779
row 08780
row 08781
row 08782
row 08783
row 08784
row 08785
row 08786
row 08787
row 08788
row 08789
row 08790
row 08791
row 08792
row 08793
row 08794
row 08795
row 08796
row 08797
row 08798
row 08799
row 08800
row 08801
row 08802
row 08803
row 08804
row 08805
row 08806
row 08807
row 08808
row 08809
row 08810
row 08811
row 08812
row 08813
row 08814
row 08815
row 08816
row 08817
row 08818
row 08819
row 08820
row 08821
row 08822
row 08823
row 08824
row 08825
row 08826
row 08827
row 08828
row 08829
row 08830
row 08831
row 08832
row 08833
row 08834
row 08835
row 08836
row 08837
row 08838
row 08839
row 08840
row 08841
row 08842
row 08843
row 08844
row 08845
row 08846
row 08847
row 08848
row 08849
row 08850
row 08851
row 08852
row 08853
row 08854
row 08855
row 08856
row 08857
row 08858
row 08859
row 08860
row 08861
row 08862
row 08863
row 08864
row 08865
row 08866
row 08867
row 08868
row 08869
row 08870
row 08871
row 08872
row 08873
row 08874
row 08875
row 08876
row 08877
row 08878
row 08879
row 08880
row 08881
row 08882
row 08883
row 08884
row 08885
row 08886
row 08887
row 08888
row 08889
row 08890
row 08891
row 08892
row 08893
row 08894
row 08895
row 08896
row 08897
row 08898
row 08899
row 08900
row 08901
row 08902
row 08903
row 08904
row 08905
row 08906
row 08907
row 08908
row 08909
row 08910
row 08911
row 08912
row 08913
row 08914
row 08915
row 08916
row 08917
row 08918
row 08919
row 08920
row 08921
row 08922
row 08923
row 08924
row 08925
row 08926
row 08927
row 08928
row 08929
row 08930
row 08931
row 08932
row 08933
row 08934
row 08935
row 08936
row 08937
row 08938
row 08939
row 08940
row 08941
row 08942
row 08943
row 08944
row 08945
row 08946
row 08947
row 08948
row 08949
row 08950
row 08951
row 08952
row 08953
row 08954
row 08955
row 08956
row 08957
row 08958
row 08959
row 08960
row 08961
row 08962
row 08963
row 08964
row 08965
row 08966
row 08967
row 08968
row 08969
row 08970
row 08971
row 08972
row 08973
row 08974
row 08975
row 08976
row 08977
row 08978
row 08979
row 08980
row 08981
row 08982
row 08983
row 08984
row 08985
row 08986
row 08987
row 08988
row 08989
row 08990
row 08991
row 08992
row 08993
row 08994
row 08995
row 08996
row 08997
row 08998
row 08999
row 09000
row 09001
row 09002
row 09003
row 09004
row 09005
row 09006
row 09007
row 09008
row 09009
row 09010
row 09011
row 09012
row 09013
row 09014
row 09015
row 09016
row 09017
row 09018
row 09019
row 09020
row 09021
row 09022
row 09023
row 09024
row 09025
row 09026
row 09027
row 09028
row 09029
row 09030
row 09031
row 09032
row 09033
row 09034
row 09035
row 09036
row 09037
row 09038
row 09039
row 09040
row 09041
row 09042
row 09043
row 09044
row 09045
row 09046
row 09047
row 09048
row 09049
row 09050
row 09051
row 09052
row 09053
row 09054
row 09055
row 09056
row 09057
row 09058
row 09059
row 09060
row 09061
row 09062
row 09063
row 09064
row 09065
row 09066
row 09067
row 09068
row 09069
row 09070
row 09071
row 09072
row 09073
row 09074
row 09075
row 09076
row 09077
row 09078
row 09079
row 09080
row 09081
row 09082
row 09083
row 09084
row 09085
row 09086
row 09087
row 09088
row 09089
row 09090
row 09091
row 09092
row 09093
row 09094
row 09095
row 09096
row 09097
row 09098
row 09099
row 09100
row 09101
row 09102
row 09103
row 09104
row 09105
row 09106
row 09107
row 09108
row 09109
row 09110
row 09111
row 09112
row 09113
row 09114
row 09115
row 09116
row 09117
row 09118
row 09119
row 09120
row 09121
row 09122
row 09123
row 09124
row 09125
row 09126
row 09127
row 09128
row 09129
row 09130
row 09131
row 09132
row 09133
row 09134
row 09135
row 09136
row 09137
row 09138
row 09139
row 09140
row 09141
row 09142
row 09143
row 09144
row 09145
row 09146
row 09147
row 09148
row 09149
row 09150
row 09151
row 09152
row 09153
row 09154
row 09155
row 09156
row 09157
row 09158
row 09159
row 09160
row 09161
row 09162
row 09163
row 09164
row 09165
row 09166
row 09167
row 09168
row 09169
row 09170
row 09171
row 09172
row 09173
row 09174
row 09175
row 09176
row 09177
row 09178
row 09179
row 09180
row 09181
row 09182
row 09183
row 09184
row 09185
row 09186
row 09187
row 09188
row 09189
row 09190
row 09191
row 09192
row 09193
row 09194
row 09195
row 09196
row 09197
row 09198
row 09199
row 09200
row 09201
row 09202
row 09203
row 09204
row 09205
row 09206
row 09207
row 09208
row 09209
row 09210
row 09211
row 09212
row 09213
row 09214
row 09215
row 09216
row 09217
row 09218
row 09219
row 09220
row 09221
row 09222
row 09223
row 09224
row 09225
row 09226
row 09227
row 09228
row 09229
row 09230
row 09231
row 09232
row 09233
row 09234
row 09235
row 09236
row 09237
row 09238
row 09239
row 09240
row 09241
row 09242
row 09243
row 09244
row 09245
row 09246
row 09247
row 09248
row 09249
row 09250
row 09251
row 09252
row 09253
row 09254
row 09255
row 09256
row 09257
row 09258
row 09259
row 09260
row 09261
row 09262
row 09263
row 09264
row 09265
row 09266
row 09267
row 09268
row 09269
row 09270
row 09271
row 09272
row 09273
row 09274
row 09275
row 09276
row 09277
row 09278
row 09279
row 09280
row 09281
row 09282
row 09283
row 09284
row 09285
row 09286
row 09287
row 09288
row 09289
row 09290
row 09291
row 09292
row 09293
row 09294
row 09295
row 09296
row 09297
row 09298
row 09299
row 09300
row 09301
row 09302
row 09303
row 09304
row 09305
row 09306
row 09307
row 09308
row 09309
row 09310
row 09311
row 09312
row 09313
row 09314
row 09315
row 09316
row 09317
row 09318
row 09319
row 09320
row 09321
row 09322
row 09323
row 09324
row 09325
row 09326
row 09327
row 09328
row 09329
row 09330
row 09331
row 09332
row 09333
row 09334
row 09335
row 09336
row 09337
row 09338
row 09339
row 09340
row 09341
row 09342
row 09343
row 09344
row 09345
row 09346
row 09347
row 09348
row 09349
row 09350
row 09351
row 09352
row 09353
row 09354
row 09355
row 09356
row 09357
row 09358
row 09359
row 09360
row 09361
row 09362
row 09363
row 09364
row 09365
row 09366
row 09367
row 09368
row 09369
row 09370
row 09371
row 09372
row 09373
row 09374
row 09375
row 09376
row 09377
row 09378
row 09379
row 09380
row 09381
row 09382
row 09383
row 09384
row 09385
row 09386
row 09387
row 09388
row 09389
row 09390
row 09391
row 09392
row 09393
row 09394
row 09395
row 09396
row 09397
row 09398
row 09399
row 09400
row 09401
row 09402
row 09403
row 09404
row 09405
row 09406
row 09407
row 09408
row 09409
row 09410
row 09411
row 09412
row 09413
row 09414
row 09415
row 09416
row 09417
row 09418
row 09419
row 09420
row 09421
row 09422
row 09423
row 09424
row 09425
row 09426
row 09427
row 09428
row 09429
row 09430
row 09431
row 09432
row 09433
row 09434
row 09435
row 09436
row 09437
row 09438
row 09439
row 09440
row 09441
row 09442
row 09443
row 09444
row 09445
row 09446
row 09447
row 09448
row 09449
row 09450
row 09451
row 09452
row 09453
row 09454
row 09455
row 09456
row 09457
row 09458
row 09459
row 09460
row 09461
row 09462
row 09463
row 09464
row 09465
row 09466
row 09467
row 09468
row 09469
row 09470
row 09471
row 09472
row 09473
row 09474
row 09475
row 09476
row 09477
row 09478
row 09479
row 09480
row 09481
row 09482
row 09483
row 09484
row 09485
row 09486
row 09487
row 09488
row 09489
row 09490
row 09491
row 09492
row 09493
row 09494
row 09495
row 09496
row 09497
row 09498
row 09499
row 09500
row 09501
row 09502
row 09503
row 09504
row 09505
row 09506
row 09507
row 09508
row 09509
row 09510
row 09511
row 09512
row 09513
row 09514
row 09515
row 09516
row 09517
row 09518
row 09519
row 09520
row 09521
row 09522
row 09523
row 09524
row 09525
row 09526
row 09527
row 09528
row 09529
row 09530
row 09531
row 09532
row 09533
row 09534
row 09535
row 09536
row 09537
row 09538
row 09539
row 09540
row 09541
row 09542
row 09543
row 09544
row 09545
row 09546
row 09547
row 09548
row 09549
row 09550
row 09551
row 09552
row 09553
row 09554
row 09555
row 09556
row 09557
row 09558
row 09559
row 09560
row 09561
row 09562
row 09563
row 09564
row 09565
row 09566
row 09567
row 09568
row 09569
row 09570
row 09571
row 09572
row 09573
row 09574
row 09575
row 09576
row 09577
row 09578
row 09579
row 09580
row 09581
row 09582
row 09583
row 09584
row 09585
row 09586
row 09587
row 09588
row 09589
row 09590
row 09591
row 09592
row 09593
row 09594
row 09595
row 09596
row 09597
row 09598
row 09599
row 09600
row 09601
row 09602
row 09603
row 09604
row 09605
row 09606
row 09607
row 09608
row 09609
row 09610
row 09611
row 09612
row 09613
row 09614
row 09615
row 09616
row 09617
row 09618
row 09619
row 09620
row 09621
row 09622
row 09623
row 09624
row 09625
row 09626
row 09627
row 09628
row 09629
row 09630
row 09631
row 09632
row 09633
row 09634
row 09635
row 09636
row 09637
row 09638
row 09639
row 09640
row 09641
row 09642
row 09643
row 09644
row 09645
row 09646
row 09647
row 09648
row 09649
row 09650
row 09651
row 09652
row 09653
row 09654
row 09655
row 09656
row 09657
row 09658
row 09659
row 09660
row 09661
row 09662
row 09663
row 09664
row 09665
row 09666
row 09667
row 09668
row 09669
row 09670
row 09671
row 09672
row 09673
row 09674
row 09675
row 09676
row 09677
row 09678
row 09679
row 09680
row 09681
row 09682
row 09683
row 09684
row 09685
row 09686
row 09687
row 09688
row 09689
row 09690
row 09691
row 09692
row 09693
row 09694
row 09695
row 09696
row 09697
row 09698
row 09699
row 09700
row 09701
row 09702
row 09703
row 09704
row 09705
row 09706
row 09707
row 09708
row 09709
row 09710
row 09711
row 09712
row 09713
row 09714
row 09715
row 09716
row 09717
row 09718
row 09719
row 09720
row 09721
row 09722
row 09723
row 09724
row 09725
row 09726
row 09727
row 09728
row 09729
row 09730
row 09731
row 09732
row 09733
row 09734
row 09735
row 09736
row 09737
row 09738
row 09739
row 09740
row 09741
row 09742
row 09743
row 09744
row 09745
row 09746
row 09747
row 09748
row 09749
row 09750
row 09751
row 09752
row 09753
row 09754
row 09755
row 09756
row 09757
row 09758
row 09759
row 09760
row 09761
row 09762
row 09763
row 09764
row 09765
row 09766
row 09767
row 09768
row 09769
row 09770
row 09771
row 09772
row 09773
row 09774
row 09775
row 09776
row 09777
row 09778
row 09779
row 09780
row 09781
row 09782
row 09783
row 09784
row 09785
row 09786
row 09787
row 09788
row 09789
row 09790
row 09791
row 09792
row 09793
row 09794
row 09795
row 09796
row 09797
row 09798
row 09799
row 09800
row 09801
row 09802
row 09803
row 09804
row 09805
row 09806
row 09807
row 09808
row 09809
row 09810
row 09811
row 09812
row 09813
row 09814
row 09815
row 09816
row 09817
row 09818
row 09819
row 09820
row 09821
row 09822
row 09823
row 09824
row 09825
row 09826
row 09827
row 09828
row 09829
row 09830
row 09831
row 09832
row 09833
row 09834
row 09835
row 09836
row 09837
row 09838
row 09839
row 09840
row 09841
row 09842
row 09843
row 09844
row 09845
row 09846
row 09847
row 09848
row 09849
row 09850
row 09851
row 09852
row 09853
row 09854
row 09855
row 09856
row 09857
row 09858
row 09859
row 09860
row 09861
row 09862
row 09863
row 09864
row 09865
row 09866
row 09867
row 09868
row 09869
row 09870
row 09871
row 09872
row 09873
row 09874
row 09875
row 09876
row 09877
row 09878
row 09879
row 09880
row 09881
row 09882
row 09883
row 09884
row 09885
row 09886
row 09887
row 09888
row 09889
row 09890
row 09891
row 09892
row 09893
row 09894
row 09895
row 09896
row 09897
row 09898
row 09899
row 09900
row 09901
row 09902
row 09903
row 09904
row 09905
row 09906
row 09907
row 09908
row 09909
row 09910
row 09911
row 09912
row 09913
row 09914
row 09915
row 09916
row 09917
row 09918
row 09919
row 09920
row 09921
row 09922
row 09923
row 09924
row 09925
row 09926
row 09927
row 09928
row 09929
row 09930
row 09931
row 09932
row 09933
row 09934
row 09935
row 09936
row 09937
row 09938
row 09939
row 09940
row 09941
row 09942
row 09943
row 09944
row 09945
row 09946
row 09947
row 09948
row 09949
row 09950
row 09951
row 09952
row 09953
row 09954
row 09955
row 09956
row 09957
row 09958
row 09959
row 09960
row 09961
row 09962
row 09963
row 09964
row 09965
row 09966
row 09967
row 09968
row 09969
row 09970
row 09971
row 09972
row 09973
row 09974
row 09975
row 09976
row 09977
row 09978
row 09979
row 09980
row 09981
row 09982
row 09983
row 09984
row 09985
row 09986
row 09987
row 09988
row 09989
row 09990
row 09991
row 09992
row 09993
row 09994
row 09995
row 09996
row 09997
row 09998
row 09999
row 10000
fit complete
